Time, Counts, LTA, Delta, Yaw, Pitch
2597.057,1137,1172,35,4.66,4.66
2601.041,1137,1172,35,4.71,4.71
2604.032,1137,1172,35,2.16,2.16
2608.022,1136,1172,36,6.55,6.55
2612.015,1135,1172,37,6.16,6.16
2615.009,1135,1172,37,3.35,3.35
2628.998,1135,1172,37,0.64,0.64
2632.955,1135,1172,37,-1.89,-1.89
2635.946,1133,1172,39,-7.61,-7.61
2640.933,1132,1172,40,-6.42,-6.42
2644.924,1133,1172,39,3.52,3.52
2648.951,1134,1172,38,12.38,12.38
2654.967,1135,1172,37,11.98,11.98
2658.918,1135,1172,37,7.91,7.91
2661.916,1136,1172,36,6.19,6.19
2683.823,1136,1172,36,4.09,4.09
2689.808,1135,1172,37,11.46,11.46
2692.834,1137,1172,35,15.0,15.0
2698.783,1138,1172,34,17.86,17.86
2702.768,1138,1172,34,15.74,15.74
2722.754,1139,1172,33,14.81,14.81
2727.706,1139,1172,33,10.34,10.34
2731.712,1139,1172,33,10.65,10.65
2737.679,1139,1172,33,10.36,10.36
2742.663,1138,1172,34,5.96,5.96
2745.654,1135,1172,37,12.32,12.32
2750.641,1134,1172,38,13.22,13.22
2753.635,1133,1172,39,11.94,11.94
2757.661,1133,1172,39,10.42,10.42
2761.611,1133,1172,39,13.64,13.64
2765.6,1132,1172,40,10.84,10.84
2769.59,1133,1172,39,3.76,3.76
2774.581,1134,1172,38,0.76,0.76
2777.569,1132,1172,40,0.5,0.5
2781.56,1131,1172,41,7.84,7.84
2785.548,1130,1172,42,17.03,17.03
2790.532,1130,1172,42,12.35,12.35
2793.526,1131,1172,41,4.39,4.39
2798.5119999999997,1131,1172,41,3.11,3.11
2801.543,1129,1172,43,1.31,1.31
2806.531,1128,1172,44,-1.76,-1.76
2810.48,1129,1172,43,0.91,0.91
2814.4700000000003,1129,1172,43,2.63,2.63
2823.451,1127,1172,45,2.88,2.88
2831.426,1127,1172,45,4.68,4.68
2846.385,1128,1172,44,10.12,10.12
2856.399,1129,1172,43,22.59,22.59
2866.384,1129,1172,43,21.12,21.12
2873.317,1130,1172,42,16.54,16.54
2884.283,1131,1172,41,16.54,16.54
2908.252,1130,1172,42,13.71,13.71
2930.163,1129,1172,43,22.08,22.08
2938.18,1130,1172,42,36.92,36.92
2956.131,1131,1172,41,42.89,42.89
2976.077,1132,1172,40,47.65,47.65
2997.024,1135,1172,37,55.72,55.72
3017.964,1136,1172,36,55.33,55.33
3063.837,1136,1172,36,61.49,61.49
3071.824,1137,1172,35,62.14,62.14
3082.756,1139,1172,33,55.21,55.21
3102.726,1138,1172,34,49.29,49.29
3123.685,1136,1172,36,54.65,54.65
3145.623,1135,1172,37,62.24,62.24
3168.521,1137,1172,35,55.64,55.64
3185.517,1138,1172,34,49.97,49.97
3210.417,1136,1172,36,51.01,51.01
3224.377,1134,1172,38,53.28,53.28
3248.35,1133,1172,39,62.57,62.57
3267.298,1135,1172,37,49.53,49.53
3290.236,1136,1172,36,60.11,60.11
3321.1549999999997,1134,1172,38,68.07,68.07
3332.125,1133,1172,39,73.16,73.16
3360.013,1134,1172,38,73.85,73.85
3377.008,1135,1172,37,81.64,81.64
3391.969,1134,1172,38,69.65,69.65
3411.91,1133,1172,39,80.61,80.61
3432.863,1132,1172,40,89.83,89.83
3455.784,1131,1172,41,89.39,89.39
3474.742,1132,1172,40,54.14,54.14
3494.6530000000002,1133,1172,39,-86.02,-86.02
3514.632,1128,1172,44,-89.49,-89.49
3539.616,1121,1172,51,82.01,82.01
3558.4880000000003,1120,1172,52,82.01,82.01
3579.465,1125,1172,47,80.7,80.7
3598.411,1127,1172,45,88.16,88.16
3622.366,1123,1172,49,32.67,32.67
3640.299,1120,1172,52,1.44,1.44
3667.233,1119,1172,53,-30.89,-30.89
3685.18,1117,1172,55,-64.54,-64.54
3703.132,1113,1172,59,-35.0,-35.0
3726.07,1108,1172,64,-38.41,-38.41
3745.018,1109,1172,63,3.59,3.59
3765.964,1096,1172,76,-4.32,-4.32
3790.8959999999997,1082,1172,90,-15.18,-15.18
3808.851,1072,1172,100,-16.89,-16.89
3828.757,1065,1172,107,-9.23,-9.23
3850.741,1059,1172,113,7.7,7.7
3871.642,1056,1172,116,10.71,10.71
3892.627,1054,1172,118,-2.11,-2.11
3922.513,1050,1172,122,-20.47,-20.47
3955.4610000000002,1048,1172,124,-21.85,-21.85
3962.437,1045,1172,127,-34.74,-34.74
3980.353,1042,1172,130,-37.98,-37.98
4008.318,1041,1172,131,-36.45,-36.45
4022.239,1040,1172,132,-31.55,-31.55
4048.21,79,1172,1093,-40.11,-40.11
4065.137,79,1172,1093,-37.29,-37.29
4093.092,79,1172,1093,-36.26,-36.26
4104.06,78,1172,1094,-33.58,-33.58
4127.955,78,1172,1094,-36.71,-36.71
4142.955,78,1172,1094,-46.79,-46.79
4161.905,77,1172,1095,-43.04,-43.04
4189.861,76,1172,1096,-40.52,-40.52
4207.781,74,1172,1098,-39.69,-39.69
4224.759,75,1172,1097,-40.0,-40.0
4245.641,75,1172,1097,-46.8,-46.8
4265.593,74,1172,1098,-41.91,-41.91
4283.54,73,1172,1099,-43.52,-43.52
4303.528,73,1172,1099,-41.88,-41.88
4330.416,73,1172,1099,-38.15,-38.15
4345.379,74,1172,1098,-42.21,-42.21
4375.335,74,1172,1098,-38.76,-38.76
4386.265,73,1172,1099,-31.13,-31.13
4408.21,73,1172,1099,-34.62,-34.62
4426.199,72,1172,1100,-38.97,-38.97
4447.103,72,1172,1100,-32.14,-32.14
4473.057,70,1172,1102,-35.35,-35.35
4490.986,70,1172,1102,-35.81,-35.81
4509.978,69,1172,1103,-35.77,-35.77
4528.926,68,1172,1104,-36.42,-36.42
4548.867,67,1172,1105,-38.64,-38.64
4567.783,66,1172,1106,-37.94,-37.94
4602.687,66,1172,1106,-36.52,-36.52
4612.693,66,1172,1106,-39.09,-39.09
4650.596,66,1172,1106,-41.83,-41.83
4654.552,66,1172,1106,-43.2,-43.2
4668.511,66,1172,1106,-38.47,-38.47
4689.488,66,1172,1106,-36.92,-36.92
4708.41,67,1172,1105,-37.08,-37.08
4727.352,67,1172,1105,-35.06,-35.06
4750.335,68,1172,1104,-36.79,-36.79
4775.225,68,1172,1104,-34.31,-34.31
4789.187,67,1172,1105,-34.35,-34.35
4811.135,67,1172,1105,-35.02,-35.02
4830.119,68,1172,1104,-34.81,-34.81
4851.025,68,1172,1104,-37.19,-37.19
4869.009,68,1172,1104,-39.69,-39.69
4893.974,68,1172,1104,-38.93,-38.93
4910.864,68,1172,1104,-38.23,-38.23
4931.84,67,1172,1105,-41.83,-41.83
4953.79,67,1172,1105,-40.16,-40.16
4970.737,67,1172,1105,-39.61,-39.61
4991.6810000000005,67,1172,1105,-39.74,-39.74
5009.632,67,1172,1105,-39.26,-39.26
5032.571,67,1172,1105,-38.76,-38.76
5054.522,67,1172,1105,-38.13,-38.13
5070.469,66,1172,1106,-36.61,-36.61
5092.418,67,1172,1105,-36.58,-36.58
5112.363,67,1172,1105,-37.77,-37.77
5131.278,68,1172,1104,-36.71,-36.71
5154.211,68,1172,1104,-38.8,-38.8
5182.177,67,1172,1105,-38.85,-38.85
5200.128,67,1172,1105,-37.58,-37.58
5235.994,67,1172,1105,-39.48,-39.48
5245.009,66,1172,1106,-38.6,-38.6
5250.952,67,1172,1105,-41.16,-41.16
5286.9,67,1172,1105,-39.05,-39.05
5291.843,67,1172,1105,-38.57,-38.57
5311.8279999999995,67,1172,1105,-36.61,-36.61
5332.743,68,1172,1104,-39.21,-39.21
5356.679,68,1172,1104,-38.73,-38.73
5372.628,66,1172,1106,-38.93,-38.93
5395.571,66,1172,1106,-36.72,-36.72
5425.502,65,1172,1107,-38.42,-38.42
5437.487,65,1172,1107,-39.04,-39.04
5453.444,66,1172,1106,-41.7,-41.7
5476.354,65,1172,1107,-39.51,-39.51
5493.348,66,1172,1106,-37.62,-37.62
5515.244,66,1172,1106,-40.22,-40.22
5544.167,66,1172,1106,-35.32,-35.32
5553.149,66,1172,1106,-40.3,-40.3
5578.077,66,1172,1106,-37.45,-37.45
5594.033,66,1172,1106,-37.4,-37.4
5619.028,65,1172,1107,-39.48,-39.48
5632.929,64,1172,1108,-35.81,-35.81
5665.841,65,1172,1107,-39.13,-39.13
5676.814,65,1172,1107,-39.82,-39.82
5694.765,65,1172,1107,-37.39,-37.39
5714.753,65,1172,1107,-39.95,-39.95
5736.687,65,1172,1107,-38.64,-38.64
5756.606,65,1172,1107,-37.67,-37.67
5779.539,66,1172,1106,-38.62,-38.62
5797.49,65,1172,1107,-43.9,-43.9
5816.439,65,1172,1107,-42.46,-42.46
5836.384,65,1172,1107,-37.1,-37.1
5877.275,65,1172,1107,-38.93,-38.93
5886.251,65,1172,1107,-40.02,-40.02
5920.199,65,1172,1107,-39.89,-39.89
5927.141,65,1172,1107,-40.21,-40.21
5940.11,64,1172,1108,-39.05,-39.05
5957.062,64,1172,1108,-38.04,-38.04
5978.006,65,1172,1107,-39.53,-39.53
5995.96,65,1172,1107,-40.01,-40.01
6018.898,65,1172,1107,-37.16,-37.16
6034.855,64,1172,1108,-39.08,-39.08
6060.785,64,1172,1108,-36.77,-36.77
6077.745,65,1172,1107,-38.35,-38.35
6099.717,65,1172,1107,-38.81,-38.81
6118.666,65,1172,1107,-33.08,-33.08
6137.615,65,1172,1107,-41.69,-41.69
6159.522,66,1172,1106,-38.02,-38.02
6184.455,66,1172,1106,-39.56,-39.56
6204.402,66,1172,1106,-37.9,-37.9
6217.409,65,1172,1107,-37.81,-37.81
6240.313,65,1172,1107,-39.13,-39.13
6260.292,65,1172,1107,-42.02,-42.02
6280.233,65,1172,1107,-41.86,-41.86
6299.182,65,1172,1107,-40.63,-40.63
6317.139,66,1172,1106,-36.13,-36.13
6344.034,66,1172,1106,-28.62,-28.62
6359.024,65,1172,1107,-21.16,-21.16
6380.964,66,1172,1106,-37.63,-37.63
6401.915,66,1172,1106,-52.81,-52.81
6420.861,66,1172,1106,-47.46,-47.46
6442.765,65,1172,1107,-41.48,-41.48
6465.708,64,1172,1108,-30.24,-30.24
6485.65,66,1172,1106,-43.0,-43.0
6521.552,68,1172,1104,-53.98,-53.98
6526.544,67,1172,1105,-52.36,-52.36
6559.452,66,1172,1106,-35.26,-35.26
6565.469,65,1172,1107,-8.47,-8.47
6582.433,67,1172,1105,-10.24,-10.24
6599.388,69,1172,1103,-2.43,-2.43
6627.277,70,1172,1102,9.14,9.14
6648.255,70,1172,1102,15.92,15.92
6706.103,71,1172,1101,-6.93,-6.93
6711.046,74,1172,1098,5.21,5.21
6715.034,75,1172,1097,18.67,18.67
6728.034,74,1172,1098,50.74,50.74
6743.964,75,1172,1097,25.7,25.7
6763.905,78,1172,1094,13.37,13.37
6787.842,1041,1172,131,82.39,82.39
6808.793,79,1172,1093,86.97,86.97
6826.775,78,1172,1094,89.31,89.31
6845.724,1040,1172,132,89.02,89.02
6868.63,1043,1172,129,28.53,28.53
6887.608,1043,1172,129,75.98,75.98
6911.508,1042,1172,130,62.95,62.95
6928.503,1043,1172,129,58.88,58.88
6956.424,1047,1172,125,65.04,65.04
6975.352,1050,1172,122,40.27,40.27
6997.28,1048,1172,124,1.15,1.15
7014.272,1046,1172,126,-18.11,-18.11
7035.213,1047,1172,125,-21.6,-21.6
7054.129,1049,1172,123,-4.05,-4.05
7071.116,1048,1172,124,3.06,3.06
7096.05,1049,1172,123,4.34,4.34
7119.021,1049,1172,123,10.58,10.58
7155.899,1050,1172,122,28.11,28.11
7162.836,1050,1172,122,31.16,31.16
7176.803,1052,1172,120,30.55,30.55
7203.768,1053,1172,119,21.99,21.99
7216.7,1054,1172,118,24.33,24.33
7234.68,1054,1172,118,32.91,32.91
7260.58,1055,1172,117,40.43,40.43
7281.519,1055,1172,117,42.84,42.84
7300.52,1056,1172,116,40.55,40.55
7317.468,1057,1172,115,39.09,39.09
7337.378,1056,1172,116,45.19,45.19
7356.356,1056,1172,116,49.31,49.31
7379.299,1056,1172,116,50.44,50.44
7397.253,1058,1172,114,45.45,45.45
7420.149,1058,1172,114,42.73,42.73
7444.085,1058,1172,114,47.93,47.93
7458.048,1057,1172,115,45.92,45.92
7478.99,1057,1172,115,41.97,41.97
7497.981,1059,1172,113,34.17,34.17
7519.926,1059,1172,113,27.82,27.82
7537.838,1058,1172,114,25.94,25.94
7569.79,1057,1172,115,18.48,18.48
7584.749,1057,1172,115,9.92,9.92
7617.6939999999995,1057,1172,115,7.41,7.41
7621.614,1056,1172,116,13.12,13.12
7640.558,1055,1172,117,12.41,12.41
7657.554,1055,1172,117,15.17,15.17
7688.466,1056,1172,116,14.71,14.71
7712.407,1057,1172,115,15.98,15.98
7718.375,1057,1172,115,15.96,15.96
7741.29,1057,1172,115,12.69,12.69
7765.296,1058,1172,114,14.43,14.43
7803.171,1058,1172,114,19.56,19.56
7812.141,1058,1172,114,24.39,24.39
7842.021,1058,1172,114,23.33,23.33
7847.011,1059,1172,113,28.87,28.87
7862.007,1060,1172,112,21.56,21.56
7880.95,1060,1172,112,25.74,25.74
7900.862,1060,1172,112,24.3,24.3
7925.796,1060,1172,112,24.43,24.43
7941.755,1061,1172,111,11.43,11.43
7963.705,1061,1172,111,7.51,7.51
7982.644,1060,1172,112,8.94,8.94
8004.622,1059,1172,113,10.93,10.93
8022.536,1059,1172,113,16.96,16.96
8043.535,1059,1172,113,19.69,19.69
8061.466,1059,1172,113,17.5,17.5
8087.434,1059,1172,113,16.27,16.27
8107.351,1059,1172,113,19.4,19.4
8125.264,1059,1172,113,21.74,21.74
8144.211,1058,1172,114,23.95,23.95
8164.217,1058,1172,114,24.42,24.42
8184.141,1059,1172,113,23.05,23.05
8204.086,1058,1172,114,19.33,19.33
8222.044,1058,1172,114,15.38,15.38
8261.903,1058,1172,114,14.02,14.02
8268.88,1057,1172,115,14.51,14.51
8283.89,1057,1172,115,15.08,15.08
8305.823,1056,1172,116,13.73,13.73
8323.735,1056,1172,116,12.83,12.83
8345.707,1057,1172,115,13.53,13.53
8363.659,1057,1172,115,13.76,13.76
8385.607,1056,1172,116,15.08,15.08
8408.504,1056,1172,116,16.81,16.81
8444.444,1056,1172,116,17.57,17.57
8450.427,1056,1172,116,16.4,16.4
8479.319,1056,1172,116,17.08,17.08
8488.326000000001,1056,1172,116,17.61,17.61
8506.283,1057,1172,115,18.55,18.55
8529.215,1056,1172,116,18.28,18.28
8545.144,1057,1172,115,16.64,16.64
8568.078,1057,1172,115,15.23,15.23
8590.086,1057,1172,115,15.5,15.5
8608.007,1057,1172,115,14.64,14.64
8628.913,1057,1172,115,14.13,14.13
8647.868,1057,1172,115,14.37,14.37
8666.818,1057,1172,115,14.09,14.09
8692.745,1057,1172,115,14.81,14.81
8706.706,1057,1172,115,16.06,16.06
8733.68,1058,1172,114,13.53,13.53
8753.587,1058,1172,114,15.41,15.41
8767.578,1058,1172,114,16.53,16.53
8787.527,1058,1172,114,15.59,15.59
8808.471,1058,1172,114,15.47,15.47
8828.419,1058,1172,114,15.35,15.35
8850.362,1058,1172,114,15.17,15.17
8867.31,1057,1172,115,16.3,16.3
8892.243,1057,1172,115,16.45,16.45
8915.222,1057,1172,115,14.71,14.71
8928.115,1056,1172,116,15.23,15.23
8948.06,1056,1172,116,14.3,14.3
8969.046,1057,1172,115,13.24,13.24
8989.983,1056,1172,116,14.55,14.55
9008.932,1056,1172,116,15.02,15.02
9031.871,1057,1172,115,13.98,13.98
9074.79,1057,1172,115,14.96,14.96
9081.707,1057,1172,115,15.17,15.17
9093.674,1057,1172,115,14.6,14.6
9118.639,1057,1172,115,14.81,14.81
9130.607,1056,1172,116,15.95,15.95
9153.552,1056,1172,116,15.95,15.95
9170.465,1056,1172,116,14.69,14.69
9190.454,1056,1172,116,14.06,14.06
9219.338,1055,1172,117,13.24,13.24
9237.325,1055,1172,117,12.62,12.62
9251.251,1056,1172,116,13.06,13.06
9274.193,1057,1172,115,10.58,10.58
9293.139,1056,1172,116,8.77,8.77
9313.085,1056,1172,116,5.99,5.99
9334.032,1055,1172,117,5.84,5.84
9354.009,1055,1172,117,4.99,4.99
9374.959,1055,1172,117,4.84,4.84
9397.863,1055,1172,117,3.94,3.94
9412.854,1055,1172,117,3.23,3.23
9433.79,1054,1172,118,4.19,4.19
9454.749,1054,1172,118,16.21,16.21
9475.685,1054,1172,118,17.37,17.37
9495.605,1055,1172,117,10.1,10.1
9513.581,1055,1172,117,9.72,9.72
9534.525,1054,1172,118,11.23,11.23
9566.405999999999,1053,1172,119,7.13,7.13
9580.369,1053,1172,119,17.5,17.5
9592.371,1053,1172,119,33.51,33.51
9615.311,1054,1172,118,49.72,49.72
9636.219000000001,1055,1172,117,55.54,55.54
9655.169,1057,1172,115,29.94,29.94
9685.088,1057,1172,115,-0.59,-0.59
9718.997,1056,1172,116,24.04,24.04
9725.02,1055,1172,117,65.56,65.56
9739.941,1054,1172,118,88.47,88.47
9764.88,1054,1172,118,89.38,89.38
9781.869,1056,1172,116,63.09,63.09
9801.782,1055,1172,117,6.93,6.93
9823.752,1053,1172,119,41.38,41.38
9841.704,1051,1172,121,27.56,27.56
9869.638,1051,1172,121,47.88,47.88
9888.582,1054,1172,118,22.55,22.55
9908.528,1054,1172,118,21.03,21.03
9940.442,1051,1172,121,11.87,11.87
9957.363,1049,1172,123,30.24,30.24
9971.364,1052,1172,120,42.09,42.09
9998.292,1051,1172,121,41.56,41.56
10022.19,1050,1172,122,38.86,38.86
10033.198,1051,1172,121,14.16,14.16
10063.133,1052,1172,120,-1.77,-1.77
10091.044,1051,1172,121,-20.15,-20.15
10103.968,1047,1172,125,-34.48,-34.48
10124.95,1046,1172,126,-23.09,-23.09
10151.847,1047,1172,125,-26.29,-26.29
10164.841,1045,1172,127,-19.59,-19.59
10197.751,1044,1172,128,-21.03,-21.03
10213.711,1044,1172,128,-20.19,-20.19
10230.666,1044,1172,128,-14.22,-14.22
10257.556,1044,1172,128,-4.53,-4.53
10275.546,1042,1172,130,2.85,2.85
10295.461,1041,1172,131,-3.87,-3.87
10321.434,1043,1172,129,-5.21,-5.21
10357.291,1044,1172,128,-4.6,-4.6
10363.31,1044,1172,128,-3.8,-3.8
10377.238,1044,1172,128,-4.59,-4.59
10405.162,1044,1172,128,-10.33,-10.33
10417.165,1044,1172,128,-13.01,-13.01
10439.114,1044,1172,128,-11.14,-11.14
10464.005,1044,1172,128,-13.06,-13.06
10481.961,1045,1172,127,-10.87,-10.87
10502.905,1045,1172,127,-5.39,-5.39
10529.867,1045,1172,127,-5.9,-5.9
10541.832,1045,1172,127,-5.73,-5.73
10567.727,1045,1172,127,-3.96,-3.96
10587.712,1044,1172,128,-3.54,-3.54
10609.651,1044,1172,128,-10.3,-10.3
10630.601,1044,1172,128,-9.7,-9.7
10654.53,1044,1172,128,-12.37,-12.37
10677.442,1044,1172,128,-11.3,-11.3
10694.39,1043,1172,129,-10.34,-10.34
10714.375,1043,1172,129,-11.01,-11.01
10737.308,1043,1172,129,-12.27,-12.27
10756.257,1043,1172,129,-10.04,-10.04
10778.167,1043,1172,129,-11.41,-11.41
10801.134,1043,1172,129,-10.86,-10.86
10840.034,1043,1172,129,-6.63,-6.63
10856.954,1042,1172,130,-12.28,-12.28
10867.925,1042,1172,130,-11.85,-11.85
10883.891,1043,1172,129,-9.5,-9.5
10908.879,1043,1172,129,-7.45,-7.45
10923.775,1043,1172,129,-10.28,-10.28
10948.745,1043,1172,129,-12.23,-12.23
10971.651,1042,1172,130,-11.09,-11.09
11001.573,1041,1172,131,-12.99,-12.99
11009.58,1041,1172,131,-12.38,-12.38
11046.48,1041,1172,131,-9.28,-9.28
11054.462,1041,1172,131,-9.3,-9.3
11075.41,1041,1172,131,-10.16,-10.16
11098.342,1041,1172,131,-9.27,-9.27
11118.262,1041,1172,131,-11.42,-11.42
11139.236,1041,1172,131,-9.6,-9.6
11164.132,1041,1172,131,-11.14,-11.14
11181.122,1041,1172,131,-9.52,-9.52
11200.074,1041,1172,131,-10.48,-10.48
11222.012,1041,1172,131,-8.69,-8.69
11241.96,1041,1172,131,-12.85,-12.85
11266.862,1041,1172,131,-9.33,-9.33
11292.798999999999,1041,1172,131,-7.48,-7.48
11305.787,1040,1172,132,-10.04,-10.04
11330.715,1040,1172,132,-13.75,-13.75
11350.668,1040,1172,132,-9.65,-9.65
11373.571,1040,1172,132,-9.85,-9.85
11392.556,1040,1172,132,-11.1,-11.1
11417.454,79,1172,1093,-10.36,-10.36
11439.405,79,1172,1093,-10.85,-10.85
11456.393,79,1172,1093,-10.88,-10.88
11475.335,1040,1172,132,-10.66,-10.66
11497.298999999999,1040,1172,132,-11.89,-11.89
11515.227,1040,1172,132,-14.05,-14.05
11541.2,1040,1172,132,-13.41,-13.41
11565.064,1040,1172,132,-12.93,-12.93
11581.057,79,1172,1093,-12.1,-12.1
11602.967,1040,1172,132,-11.31,-11.31
11636.872,1040,1172,132,-15.12,-15.12
11642.891,1040,1172,132,-13.34,-13.34
11663.829,1040,1172,132,-12.26,-12.26
11734.61,1041,1172,131,-11.58,-11.58
11738.635,1040,1172,132,-13.76,-13.76
11743.588,1040,1172,132,-11.67,-11.67
11752.599,1040,1172,132,-16.17,-16.17
11771.543,1040,1172,132,-14.42,-14.42
11800.436,1040,1172,132,-15.15,-15.15
11818.417,1040,1172,132,-15.11,-15.11
11837.365,1040,1172,132,-10.77,-10.77
11857.319,1040,1172,132,-9.26,-9.26
11882.211,1040,1172,132,-12.44,-12.44
11900.163,1040,1172,132,-14.35,-14.35
11927.135,1040,1172,132,-13.27,-13.27
11945.085,1040,1172,132,-15.23,-15.23
11966.027,1040,1172,132,-11.89,-11.89
11987.931,79,1172,1093,-15.5,-15.5
12008.907,1040,1172,132,-13.41,-13.41
12026.83,1041,1172,131,-12.44,-12.44
12053.822,1041,1172,131,-16.24,-16.24
12074.734,1040,1172,132,-12.39,-12.39
12091.687,79,1172,1093,-11.52,-11.52
12112.73,79,1172,1093,-14.45,-14.45
12149.687,1040,1172,132,-14.8,-14.8
12156.704,1040,1172,132,-14.15,-14.15
12171.627,79,1172,1093,-14.52,-14.52
12194.569,79,1172,1093,-15.27,-15.27
12213.519,79,1172,1093,-14.42,-14.42
12237.452,79,1172,1093,-16.41,-16.41
12276.355,79,1172,1093,-19.13,-19.13
12283.364,79,1172,1093,-14.8,-14.8
12302.289,79,1172,1093,-9.68,-9.68
12322.227,79,1172,1093,-12.29,-12.29
12345.175,1040,1172,132,-14.26,-14.26
12361.123,1040,1172,132,-16.26,-16.26
12380.09,1040,1172,132,-14.6,-14.6
12400.017,1040,1172,132,-18.45,-18.45
12419.963,1040,1172,132,-16.68,-16.68
12448.891,1040,1172,132,-15.04,-15.04
12472.825,1040,1172,132,-15.55,-15.55
12487.782,1041,1172,131,-14.99,-14.99
12508.726,1041,1172,131,-20.81,-20.81
12528.673,1042,1172,130,-18.67,-18.67
12550.615,1042,1172,130,-9.4,-9.4
12567.605,1041,1172,131,-14.04,-14.04
12596.5,1042,1172,130,-21.25,-21.25
12609.457,1041,1172,131,-14.77,-14.77
12637.384,1041,1172,131,-9.56,-9.56
12655.338,1041,1172,131,-2.53,-2.53
12677.275,1042,1172,130,-0.64,-0.64
12706.267,1043,1172,129,-4.59,-4.59
12724.153,1043,1172,129,-13.97,-13.97
12746.09,1043,1172,129,-14.6,-14.6
12764.044,1042,1172,130,-2.95,-2.95
12781.995,1042,1172,130,-7.53,-7.53
12801.967,1043,1172,129,-7.75,-7.75
12820.895,1043,1172,129,-11.46,-11.46
12845.827,1041,1172,131,-8.94,-8.94
12861.783,1041,1172,131,-2.43,-2.43
12885.727,1042,1172,130,-1.75,-1.75
12920.624,1042,1172,130,-6.77,-6.77
12924.62,1043,1172,129,-11.8,-11.8
12962.512,1043,1172,129,-7.73,-7.73
12968.533,1043,1172,129,0.76,0.76
12984.456,1043,1172,129,3.04,3.04
13007.392,1044,1172,128,-0.75,-0.75
13028.335,1045,1172,127,-6.24,-6.24
13045.29,1044,1172,128,-3.6,-3.6
13066.234,1044,1172,128,4.02,4.02
13087.187,1044,1172,128,12.56,12.56
13114.109,1045,1172,127,10.13,10.13
13131.062,1045,1172,127,11.61,11.61
13153.005,1044,1172,128,0.98,0.98
13170.955,1044,1172,128,18.96,18.96
13193.892,1044,1172,128,27.15,27.15
13211.844,1044,1172,128,33.98,33.98
13236.778,1044,1172,128,24.91,24.91
13260.723,1044,1172,128,17.02,17.02
13278.668,1044,1172,128,32.87,32.87
13299.611,1044,1172,128,48.31,48.31
13322.553,1045,1172,127,52.31,52.31
13341.497,1047,1172,125,48.68,48.68
13363.438,1046,1172,126,51.05,51.05
13390.371,1045,1172,127,49.77,49.77
13408.324,1045,1172,127,76.38,76.38
13444.227,1045,1172,127,87.1,87.1
13456.192,1045,1172,127,87.89,87.89
13470.189,1046,1172,126,85.28,85.28
13495.087,1047,1172,125,-75.33,-75.33
13519.027,1046,1172,126,86.64,86.64
13555.927,1045,1172,127,89.91,89.91
13564.901,1045,1172,127,34.41,34.41
13576.868,1046,1172,126,44.6,44.6
13607.785,1047,1172,125,-8.83,-8.83
13617.759,1046,1172,126,4.7,4.7
13635.736,1046,1172,126,80.65,80.65
13661.645,1046,1172,126,61.37,61.37
13683.59,1047,1172,125,77.81,77.81
13697.557,1048,1172,124,50.52,50.52
13721.481,1049,1172,123,1.32,1.32
13740.431,1049,1172,123,-16.58,-16.58
13760.378,1049,1172,123,-3.31,-3.31
13780.329,1049,1172,123,-0.41,-0.41
13802.265,1049,1172,123,1.52,1.52
13821.289,1050,1172,122,6.52,6.52
13844.199,1051,1172,121,11.68,11.68
13863.107,1052,1172,120,24.78,24.78
13881.056,1053,1172,119,37.61,37.61
13902.057,1055,1172,117,25.82,25.82
13921.945,1057,1172,115,18.11,18.11
13939.897,1057,1172,115,14.52,14.52
13961.838,1057,1172,115,29.04,29.04
13987.809,1057,1172,115,20.56,20.56
14007.718,1060,1172,112,15.12,15.12
14024.674,1061,1172,111,30.46,30.46
14042.622,1062,1172,110,31.01,31.01
14067.556,1062,1172,110,30.81,30.81
14085.524,1062,1172,110,31.55,31.55
14106.452,1064,1172,108,27.6,27.6
14127.401,1064,1172,108,29.86,29.86
14155.366,1064,1172,108,20.35,20.35
14172.275,1063,1172,109,26.08,26.08
14201.2,1063,1172,109,14.4,14.4
14212.205,1065,1172,107,20.11,20.11
14241.09,1064,1172,108,24.0,24.0
14253.06,1062,1172,110,23.45,23.45
14274.003,1063,1172,109,23.41,23.41
14290.957,1063,1172,109,23.17,23.17
14315.902,1063,1172,109,21.75,21.75
14334.841,1063,1172,109,17.19,17.19
14353.789,1062,1172,110,21.07,21.07
14373.737,1063,1172,109,20.83,20.83
14393.683,1063,1172,109,18.85,18.85
14414.646,1062,1172,110,16.19,16.19
14433.618,1062,1172,110,16.38,16.38
14454.52,1062,1172,110,18.72,18.72
14477.464,1062,1172,110,18.35,18.35
14494.418,1062,1172,110,21.95,21.95
14514.362,1062,1172,110,21.97,21.97
14536.303,1063,1172,109,20.3,20.3
14554.253,1063,1172,109,20.87,20.87
14573.203,1063,1172,109,20.71,20.71
14595.144,1063,1172,109,19.68,19.68
14616.088,1063,1172,109,21.52,21.52
14641.033,1063,1172,109,19.98,19.98
14654.022,1063,1172,109,18.46,18.46
14676.929,1062,1172,110,18.7,18.7
14695.875,1063,1172,109,19.05,19.05
14740.755,1064,1172,108,16.52,16.52
14752.722,1064,1172,108,17.84,17.84
14765.698,1064,1172,108,18.56,18.56
14774.664,1064,1172,108,17.64,17.64
14802.601,1064,1172,108,19.3,19.3
14836.501,1064,1172,108,18.04,18.04
14845.477,1064,1172,108,17.51,17.51
14858.451000000001,1064,1172,108,18.79,18.79
14885.367,1064,1172,108,18.25,18.25
14901.326000000001,1064,1172,108,17.91,17.91
14915.287,1064,1172,108,18.65,18.65
14937.229,1063,1172,109,19.23,19.23
14963.164,1063,1172,109,17.85,17.85
14983.141,1063,1172,109,18.6,18.6
15001.059,1063,1172,109,19.3,19.3
15017.059,1063,1172,109,18.18,18.18
15038.956,1063,1172,109,18.32,18.32
15056.91,1063,1172,109,18.31,18.31
15078.849,1063,1172,109,19.97,19.97
15104.781,1064,1172,108,18.72,18.72
15125.736,1064,1172,108,20.12,20.12
15139.689,1064,1172,108,19.14,19.14
15160.635,1064,1172,108,17.54,17.54
15183.576,1065,1172,107,19.45,19.45
15203.516,1064,1172,108,20.99,20.99
15220.472,1064,1172,108,18.08,18.08
15240.418,1064,1172,108,17.37,17.37
15261.361,1065,1172,107,17.21,17.21
15286.335,1065,1172,107,15.87,15.87
15306.243,1065,1172,107,19.21,19.21
15322.203,1065,1172,107,16.96,16.96
15343.146,1065,1172,107,18.48,18.48
15363.09,1065,1172,107,17.68,17.68
15384.033,1064,1172,108,18.46,18.46
15403.979,1065,1172,107,19.41,19.41
15424.923999999999,1064,1172,108,18.01,18.01
15442.88,1064,1172,108,18.25,18.25
15479.817,1064,1172,108,17.74,17.74
15484.793,1063,1172,109,18.35,18.35
15519.702,1063,1172,109,16.3,16.3
15523.697,1063,1172,109,16.35,16.35
15543.606,1064,1172,108,18.18,18.18
15563.554,1064,1172,108,18.08,18.08
15592.475,1064,1172,108,17.23,17.23
15610.465,1064,1172,108,16.61,16.61
15627.383,1064,1172,108,17.68,17.68
15647.333,1063,1172,109,17.21,17.21
15665.282,1062,1172,110,16.79,16.79
15688.219000000001,1062,1172,110,18.58,18.58
15706.171,1062,1172,110,19.19,19.19
15727.12,1062,1172,110,18.52,18.52
15746.064,1062,1172,110,17.28,17.28
15772.002,1062,1172,110,17.98,17.98
15787.957,1061,1172,111,15.49,15.49
15808.897,1061,1172,111,16.6,16.6
15827.854,1060,1172,112,18.01,18.01
15858.763,1060,1172,112,18.86,18.86
15874.721,1060,1172,112,17.88,17.88
15889.681,1061,1172,111,16.87,16.87
15905.685,1061,1172,111,16.05,16.05
15928.577,1061,1172,111,16.63,16.63
15950.564,1061,1172,111,17.68,17.68
15966.481,1061,1172,111,17.0,17.0
15989.414,1062,1172,110,16.19,16.19
16008.431,1061,1172,111,15.67,15.67
16041.371,1061,1172,111,16.49,16.49
16051.345,1060,1172,112,15.0,15.0
16070.333,1061,1172,111,10.04,10.04
16087.286,1061,1172,111,8.43,8.43
16122.228,1061,1172,111,5.13,5.13
16131.205,1062,1172,110,3.08,3.08
16161.095,1061,1172,111,3.69,3.69
16167.11,1061,1172,111,4.3,4.3
16190.053,1062,1172,110,13.25,13.25
16207.996,1063,1172,109,13.86,13.86
16228.949,1063,1172,109,14.48,14.48
16247.859,1064,1172,108,24.36,24.36
16273.801,1064,1172,108,38.25,38.25
16293.737,1065,1172,107,49.73,49.73
16312.685,1067,1172,105,53.89,53.89
16335.629,1068,1172,104,51.62,51.62
16354.572,1069,1172,103,49.82,49.82
16374.554,1067,1172,105,43.59,43.59
16393.503,1067,1172,105,36.2,36.2
16418.47,1066,1172,106,28.15,28.15
16440.344,1065,1172,107,15.51,15.51
16459.297,1064,1172,108,2.48,2.48
16476.283,1062,1172,110,-7.62,-7.62
16496.234,1061,1172,111,-25.56,-25.56
16515.181,1061,1172,111,-29.2,-29.2
16537.084,1061,1172,111,10.28,10.28
16555.07,1061,1172,111,78.4,78.4
16575.979,1061,1172,111,89.5,89.5
16602.915,1062,1172,110,89.99,89.99
16620.869,1063,1172,109,90.0,90.0
16641.839,1063,1172,109,86.23,86.23
16662.782,1062,1172,110,43.33,43.33
16719.597,1060,1172,112,48.08,48.08
16723.59,1059,1172,113,56.1,56.1
16755.543,1058,1172,114,55.35,55.35
16762.514,1058,1172,114,51.96,51.96
16775.484,1057,1172,115,51.18,51.18
16805.365,1055,1172,117,89.84,89.84
16816.337,1056,1172,116,33.43,33.43
16836.337,1056,1172,116,22.84,22.84
16855.238,1055,1172,117,14.95,14.95
16882.199,1053,1172,119,-9.74,-9.74
16898.165,1052,1172,120,-5.91,-5.91
16916.104,1052,1172,120,2.4,2.4
16938.046,1050,1172,122,-19.49,-19.49
16958.957,1049,1172,123,-11.04,-11.04
16985.896,1047,1172,125,-25.8,-25.8
16999.882,1046,1172,126,-37.17,-37.17
17022.811,1044,1172,128,-28.27,-28.27
17045.724,1043,1172,129,-23.64,-23.64
17064.708,1044,1172,128,-34.78,-34.78
17087.611,1045,1172,127,-32.68,-32.68
17107.562,1045,1172,127,-22.81,-22.81
17147.489,1043,1172,129,-22.96,-22.96
17158.459,1043,1172,129,-30.82,-30.82
17171.421,1043,1172,129,-30.14,-30.14
17193.363,1042,1172,130,-19.38,-19.38
17215.312,1040,1172,132,-14.41,-14.41
17242.199,1040,1172,132,-27.32,-27.32
17266.174,1041,1172,131,-29.94,-29.94
17287.115,1041,1172,131,-21.99,-21.99
17304.037,79,1172,1093,-15.94,-15.94
17333.965,79,1172,1093,-17.48,-17.48
17344.957,1040,1172,132,-25.75,-25.75
17362.875,1041,1172,131,-22.56,-22.56
17403.766,1040,1172,132,-26.23,-26.23
17409.751,79,1172,1093,-29.9,-29.9
17442.698,79,1172,1093,-28.46,-28.46
17448.658,1040,1172,132,-26.41,-26.41
17467.596,1040,1172,132,-26.7,-26.7
17490.568,79,1172,1093,-32.89,-32.89
17514.507,79,1172,1093,-35.29,-35.29
17532.457,1040,1172,132,-28.17,-28.17
17554.367,79,1172,1093,-29.31,-29.31
17575.339,78,1172,1094,-37.85,-37.85
17602.234,77,1172,1095,-36.66,-36.66
17614.246,77,1172,1095,-33.35,-33.35
17637.163,77,1172,1095,-35.75,-35.75
17654.101,77,1172,1095,-34.46,-34.46
17677.072,77,1172,1095,-33.65,-33.65
17696.017,77,1172,1095,-32.4,-32.4
17714.937,77,1172,1095,-36.18,-36.18
17737.871,77,1172,1095,-32.5,-32.5
17755.859,76,1172,1096,-30.38,-30.38
17774.773,77,1172,1095,-31.8,-31.8
17799.711,78,1172,1094,-32.5,-32.5
17816.696,77,1172,1095,-29.65,-29.65
17834.615,77,1172,1095,-31.55,-31.55
17855.592,78,1172,1094,-34.79,-34.79
17875.54,79,1172,1093,-33.89,-33.89
17896.482,79,1172,1093,-35.93,-35.93
17914.44,79,1172,1093,-36.67,-36.67
17943.324,79,1172,1093,-35.48,-35.48
17957.287,78,1172,1094,-34.25,-34.25
17977.268,79,1172,1093,-33.2,-33.2
17999.207,78,1172,1094,-33.13,-33.13
18037.106,78,1172,1094,-34.17,-34.17
18046.105,78,1172,1094,-37.73,-37.73
18063.041,78,1172,1094,-36.23,-36.23
18081.985,78,1172,1094,-35.79,-35.79
18102.908,78,1172,1094,-35.31,-35.31
18120.847,79,1172,1093,-35.26,-35.26
18138.834,79,1172,1093,-33.74,-33.74
18158.784,79,1172,1093,-35.31,-35.31
18176.733,78,1172,1094,-34.11,-34.11
18197.677,77,1172,1095,-34.35,-34.35
18216.635,77,1172,1095,-35.4,-35.4
18240.564,77,1172,1095,-35.67,-35.67
18260.475,77,1172,1095,-35.67,-35.67
18279.422,78,1172,1094,-36.6,-36.6
18299.409,78,1172,1094,-34.1,-34.1
18318.325,78,1172,1094,-37.77,-37.77
18340.265,78,1172,1094,-35.7,-35.7
18363.208,78,1172,1094,-36.31,-36.31
18384.146,78,1172,1094,-34.78,-34.78
18400.1,77,1172,1095,-34.27,-34.27
18419.05,77,1172,1095,-34.42,-34.42
18439.993,77,1172,1095,-34.4,-34.4
18463.965,77,1172,1095,-33.28,-33.28
18479.921,77,1172,1095,-34.73,-34.73
18498.87,76,1172,1096,-34.94,-34.94
18526.797,77,1172,1095,-34.73,-34.73
18542.755,78,1172,1094,-33.2,-33.2
18564.659,78,1172,1094,-36.89,-36.89
18581.655,78,1172,1094,-35.61,-35.61
18620.544,79,1172,1093,-34.96,-34.96
18626.528,79,1172,1093,-33.19,-33.19
18646.452,77,1172,1095,-33.2,-33.2
18682.345,76,1172,1096,-36.03,-36.03
18686.338,77,1172,1095,-33.43,-33.43
18726.266,77,1172,1095,-33.35,-33.35
18733.21,77,1172,1095,-29.98,-29.98
18744.214,78,1172,1094,-32.56,-32.56
18765.158,77,1172,1095,-32.2,-32.2
18788.106,77,1172,1095,-35.93,-35.93
18807.05,77,1172,1095,-33.43,-33.43
18826.008,78,1172,1094,-39.27,-39.27
18841.955,78,1172,1094,-34.63,-34.63
18872.869,78,1172,1094,-35.62,-35.62
18883.847,78,1172,1094,-33.35,-33.35
18902.756,78,1172,1094,-32.32,-32.32
18921.759,79,1172,1093,-34.96,-34.96
18947.635,1040,1172,132,-32.5,-32.5
18965.628,1040,1172,132,-33.2,-33.2
18987.533,79,1172,1093,-30.78,-30.78
19006.511,79,1172,1093,-28.99,-28.99
19025.431,79,1172,1093,-32.05,-32.05
19045.408,1040,1172,132,-32.05,-32.05
19073.34,1040,1172,132,-33.65,-33.65
19092.286,1040,1172,132,-29.9,-29.9
19111.204,1040,1172,132,-32.27,-32.27
19134.143,1040,1172,132,-35.21,-35.21
19155.134,1040,1172,132,-33.13,-33.13
19176.024,1040,1172,132,-34.18,-34.18
19201.962,79,1172,1093,-32.24,-32.24
19219.908,79,1172,1093,-32.42,-32.42
19238.856,1040,1172,132,-29.03,-29.03
19259.799,1040,1172,132,-34.59,-34.59
19280.743,79,1172,1093,-32.74,-32.74
19317.68,78,1172,1094,-31.84,-31.84
19326.632,78,1172,1094,-31.08,-31.08
19341.615,79,1172,1093,-32.02,-32.02
19366.514,79,1172,1093,-30.47,-30.47
19379.515,79,1172,1093,-31.57,-31.57
19403.45,79,1172,1093,-29.24,-29.24
19423.361,79,1172,1093,-30.14,-30.14
19443.345,79,1172,1093,-28.48,-28.48
19461.275,79,1172,1093,-22.7,-22.7
19489.186,79,1172,1093,-26.71,-26.71
19515.118,79,1172,1093,-26.42,-26.42
19540.087,79,1172,1093,-34.43,-34.43
19552.053,79,1172,1093,-40.16,-40.16
19564.021,79,1172,1093,-39.71,-39.71
19584.967,79,1172,1093,-39.66,-39.66
19602.901,79,1172,1093,-35.93,-35.93
19630.847,79,1172,1093,-35.15,-35.15
19644.772,79,1172,1093,-29.1,-29.1
19673.694,79,1172,1093,-22.82,-22.82
19686.659,79,1172,1093,-18.4,-18.4
19704.644,79,1172,1093,-11.14,-11.14
19724.591,79,1172,1093,-2.6,-2.6
19745.535,79,1172,1093,7.62,7.62
19763.495,79,1172,1093,11.23,11.23
19799.391,78,1172,1094,1.35,1.35
19808.37,78,1172,1094,-3.41,-3.41
19827.319,78,1172,1094,-8.52,-8.52
19847.269,77,1172,1095,-26.49,-26.49
19867.216,78,1172,1094,-37.53,-37.53
19905.108,78,1172,1094,-30.24,-30.24
19914.096,78,1172,1094,17.48,17.48
19954.974,78,1172,1094,61.08,61.08
19962.923,79,1172,1093,75.07,75.07
19969.901,1041,1172,131,56.52,56.52
20000.821,1042,1172,130,77.37,77.37
20013.817,1041,1172,131,87.16,87.16
20032.789,1041,1172,131,60.46,60.46
20052.713,1043,1172,129,88.22,88.22
20079.609,1044,1172,128,64.67,64.67
20095.608,1044,1172,128,72.49,72.49
20117.518,1044,1172,128,75.26,75.26
20138.455,1046,1172,126,62.35,62.35
20159.431,1047,1172,125,38.38,38.38
20181.374,1048,1172,124,18.23,18.23
20200.324,1047,1172,125,30.5,30.5
20220.229,1048,1172,124,38.08,38.08
20245.165,1050,1172,122,27.41,27.41
20263.16,1051,1172,121,34.6,34.6
20281.116,1051,1172,121,34.72,34.72
20302.046,1051,1172,121,34.65,34.65
20320.961,1053,1172,119,26.48,26.48
20341.943,1055,1172,117,15.52,15.52
20360.89,1055,1172,117,10.65,10.65
20386.791,1053,1172,119,22.77,22.77
20406.732,1054,1172,118,17.98,17.98
20423.721,1056,1172,116,10.53,10.53
20441.638,1057,1172,115,11.51,11.51
20462.581,1056,1172,116,16.83,16.83
20482.57,1055,1172,117,27.62,27.62
20503.507,1057,1172,115,28.1,28.1
20529.44,1059,1172,113,34.02,34.02
20548.387,1060,1172,112,22.12,22.12
20568.328,1060,1172,112,12.42,12.42
20601.215,1059,1172,113,16.32,16.32
20605.2,1059,1172,113,14.74,14.74
20643.135,1060,1172,112,26.51,26.51
20649.123,1060,1172,112,25.79,25.79
20663.081,1060,1172,112,24.47,24.47
20684.031,1060,1172,112,22.49,22.49
20701.98,1060,1172,112,24.13,24.13
20727.872,1060,1172,112,26.22,26.22
20742.841,1061,1172,111,24.7,24.7
20764.815,1062,1172,110,24.42,24.42
20784.724,1061,1172,111,24.77,24.77
20805.664,1061,1172,111,25.04,25.04
20824.613,1061,1172,111,25.34,25.34
20846.589,1060,1172,112,23.03,23.03
20870.492,1060,1172,112,21.56,21.56
20889.446,1060,1172,112,22.0,22.0
20903.445,1059,1172,113,20.43,20.43
20924.354,1059,1172,113,23.5,23.5
20947.285,1060,1172,112,22.68,22.68
20966.284,1061,1172,111,19.16,19.16
20986.215,1062,1172,110,17.57,17.57
21004.167,1061,1172,111,20.19,20.19
21026.08,1061,1172,111,20.52,20.52
21047.056,1061,1172,111,19.95,19.95
21067.984,1061,1172,111,19.23,19.23
21085.955,1061,1172,111,15.94,15.94
21107.89,1060,1172,112,17.61,17.61
21126.84,1060,1172,112,19.31,19.31
21149.785,1061,1172,111,18.86,18.86
21165.742,1060,1172,112,19.47,19.47
21204.597,1060,1172,112,18.39,18.39
21209.619,1060,1172,112,18.02,18.02
21240.506,1061,1172,111,19.29,19.29
21249.514,1061,1172,111,19.39,19.39
21278.399,1061,1172,111,20.55,20.55
21289.404,1061,1172,111,19.45,19.45
21308.318,1061,1172,111,20.27,20.27
21330.259,1061,1172,111,17.95,17.95
21351.246,1061,1172,111,20.2,20.2
21372.149,1061,1172,111,20.02,20.02
21395.091,1060,1172,112,19.83,19.83
21411.044,1061,1172,111,19.59,19.59
21429.995,1061,1172,111,16.14,16.14
21449.981,1060,1172,112,18.08,18.08
21468.93,1060,1172,112,18.02,18.02
21487.874,1060,1172,112,18.96,18.96
21508.782,1061,1172,111,19.37,19.37
21532.719,1062,1172,110,19.25,19.25
21551.703,1062,1172,110,19.01,19.01
21569.658,1062,1172,110,20.08,20.08
21591.597,1063,1172,109,19.65,19.65
21610.546,1063,1172,109,19.88,19.88
21633.484,1063,1172,109,22.63,22.63
21650.439,1063,1172,109,17.88,17.88
21669.387,1062,1172,110,16.87,16.87
21731.187,1062,1172,110,17.37,17.37
21735.183,1062,1172,110,16.87,16.87
21739.166,1062,1172,110,16.43,16.43
21757.122,1062,1172,110,17.88,17.88
21768.113,1063,1172,109,17.44,17.44
21792.028,1063,1172,109,17.51,17.51
21810.974,1062,1172,110,18.99,18.99
21838.9,1061,1172,111,20.03,20.03
21875.803,1061,1172,111,18.05,18.05
21889.768,1061,1172,111,18.09,18.09
21914.743,1062,1172,110,19.1,19.1
21920.685,1062,1172,110,16.48,16.48
21938.632,1063,1172,109,16.78,16.78
21961.606,1063,1172,109,16.95,16.95
21971.583,1063,1172,109,17.4,17.4
22000.511,1063,1172,109,16.48,16.48
22018.42,1063,1172,109,16.06,16.06
22035.41,1062,1172,110,17.0,17.0
22056.319,1063,1172,109,17.3,17.3
22082.254,1063,1172,109,17.34,17.34
22092.257,1063,1172,109,17.81,17.81
22115.202,1063,1172,109,16.08,16.08
22134.145,1063,1172,109,16.05,16.05
22151.104,1062,1172,110,17.68,17.68
22180.986,1063,1172,109,18.75,18.75
22204.957,1064,1172,108,17.48,17.48
22217.911,1064,1172,108,17.1,17.1
22234.875,1064,1172,108,17.51,17.51
22253.789,1064,1172,108,17.47,17.47
22275.766,1064,1172,108,16.78,16.78
22301.697,1063,1172,109,15.47,15.47
22323.604,1063,1172,109,15.58,15.58
22341.56,1062,1172,110,17.0,17.0
22358.518,1062,1172,110,17.24,17.24
22377.459,1062,1172,110,16.54,16.54
22396.443,1062,1172,110,16.3,16.3
22417.398,1061,1172,111,17.03,17.03
22436.335,1061,1172,111,18.15,18.15
22457.245,1060,1172,112,17.03,17.03
22480.196,1060,1172,112,18.05,18.05
22538.066,1059,1172,113,17.92,17.92
22574.971,1059,1172,113,16.76,16.76
22579.958,1059,1172,113,16.32,16.32
22584.912,1059,1172,113,16.16,16.16
22589.89,1058,1172,114,17.64,17.64
22603.887,1058,1172,114,16.54,16.54
22618.854,1059,1172,113,16.21,16.21
22643.782,1058,1172,114,16.88,16.88
22661.699,1058,1172,114,17.71,17.71
22679.687,1057,1172,115,16.55,16.55
22698.637,1058,1172,114,15.88,15.88
22719.579,1058,1172,114,16.25,16.25
22738.528,1058,1172,114,16.96,16.96
22760.468,1058,1172,114,17.61,17.61
22778.401,1058,1172,114,15.62,15.62
22798.374,1058,1172,114,15.82,15.82
22823.267,1058,1172,114,15.59,15.59
22842.215,1058,1172,114,14.33,14.33
22859.174,1058,1172,114,14.54,14.54
22880.15,1058,1172,114,14.98,14.98
22898.108,1058,1172,114,15.6,15.6
22921.005,1058,1172,114,14.03,14.03
22938.991,1058,1172,114,14.58,14.58
22964.955,1058,1172,114,15.06,15.06
22985.833,1058,1172,114,14.59,14.59
23000.826,1059,1172,113,15.81,15.81
23022.771,1060,1172,112,9.54,9.54
23042.68,1060,1172,112,2.74,2.74
23062.647,1060,1172,112,6.32,6.32
23081.579,1059,1172,113,13.52,13.52
23101.526,1059,1172,113,13.88,13.88
23122.47,1060,1172,112,14.52,14.52
23164.386,1061,1172,111,15.2,15.2
23169.345,1061,1172,111,10.72,10.72
23200.265,1060,1172,112,16.7,16.7
23205.281,1059,1172,113,20.63,20.63
23227.19,1059,1172,113,23.02,23.02
23240.151,1060,1172,112,19.95,19.95
23262.093,1060,1172,112,15.99,15.99
23281.042,1060,1172,112,13.53,13.53
23306.974,1059,1172,113,21.28,21.28
23324.928,1059,1172,113,20.71,20.71
23343.909,1059,1172,113,15.32,15.32
23363.856,1059,1172,113,7.94,7.94
23381.806,1060,1172,112,4.37,4.37
23403.748,1059,1172,113,10.86,10.86
23422.697,1058,1172,114,40.63,40.63
23444.604,1058,1172,114,76.17,76.17
23468.54,1060,1172,112,85.96,85.96
23487.489,1062,1172,110,88.68,88.68
23507.437,1063,1172,109,89.83,89.83
23529.377,1063,1172,109,89.99,89.99
23549.365,1062,1172,110,88.68,88.68
23571.268,1061,1172,111,89.15,89.15
23592.211,1061,1172,111,88.66,88.66
23619.147,1061,1172,111,84.61,84.61
23646.104,1060,1172,112,82.86,82.86
23659.03,1057,1172,115,66.6,66.6
23684.995,1056,1172,116,27.86,27.86
23699.955,1056,1172,116,8.84,8.84
23720.899,1055,1172,117,66.37,66.37
23752.786,1052,1172,120,2.33,2.33
23794.668,1049,1172,123,4.72,4.72
23847.525,1050,1172,122,-1.07,-1.07
23852.511,1049,1172,123,-7.27,-7.27
23856.507,1046,1172,126,-24.37,-24.37
23864.486,1044,1172,128,-28.54,-28.54
23871.465,1042,1172,130,-34.83,-34.83
23893.403,1041,1172,131,2.55,2.55
23913.392,1040,1172,132,-24.48,-24.48
23932.334,1040,1172,132,7.57,7.57
23953.278,1041,1172,131,-18.69,-18.69
23973.225,1040,1172,132,-8.54,-8.54
23995.131,1040,1172,132,-4.18,-4.18
24013.118,79,1172,1093,-3.37,-3.37
24040.084,79,1172,1093,-8.75,-8.75
24055.97,1040,1172,132,-16.42,-16.42
24079.939,1040,1172,132,-12.84,-12.84
24098.858,78,1172,1094,-17.4,-17.4
24117.846,79,1172,1093,-10.19,-10.19
24135.79,78,1172,1094,-10.27,-10.27
24157.699,78,1172,1094,-5.77,-5.77
24195.608,78,1172,1094,-7.15,-7.15
24208.564,78,1172,1094,-8.89,-8.89
24227.544,79,1172,1093,-12.13,-12.13
24240.511,79,1172,1093,-5.44,-5.44
24257.428,79,1172,1093,-9.23,-9.23
24278.406,1040,1172,132,-11.58,-11.58
24309.305,1041,1172,131,-15.92,-15.92
24337.257,1041,1172,131,-23.72,-23.72
24356.202,1040,1172,132,-7.21,-7.21
24365.175,79,1172,1093,-6.16,-6.16
24383.127,78,1172,1094,-12.13,-12.13
24403.074,78,1172,1094,-13.45,-13.45
24437.98,79,1172,1093,-12.29,-12.29
24453.956,78,1172,1094,-12.39,-12.39
24480.836,78,1172,1094,-15.62,-15.62
24485.853,78,1172,1094,-18.02,-18.02
24504.77,78,1172,1094,-17.88,-17.88
24523.755,77,1172,1095,-20.32,-20.32
24545.658,77,1172,1095,-19.24,-19.24
24562.648,78,1172,1094,-16.53,-16.53
24596.522,78,1172,1094,-16.75,-16.75
24609.488,78,1172,1094,-17.27,-17.27
24626.469,78,1172,1094,-16.96,-16.96
24646.423,78,1172,1094,-20.78,-20.78
24665.346,78,1172,1094,-19.82,-19.82
24689.31,77,1172,1095,-15.54,-15.54
24713.244,78,1172,1094,-10.81,-10.81
24735.217,78,1172,1094,-15.41,-15.41
24748.118,78,1172,1094,-13.73,-13.73
24766.069,78,1172,1094,-12.55,-12.55
24787.049,77,1172,1095,-12.02,-12.02
24806.995,77,1172,1095,-13.9,-13.9
24826.959,77,1172,1095,-17.08,-17.08
24845.855,77,1172,1095,-16.75,-16.75
24865.847999999998,77,1172,1095,-14.32,-14.32
24890.747,77,1172,1095,-16.78,-16.78
24910.738,77,1172,1095,-17.28,-17.28
24926.642,77,1172,1095,-19.03,-19.03
24947.619,76,1172,1096,-18.11,-18.11
24967.563,75,1172,1097,-17.58,-17.58
24988.474,75,1172,1097,-19.03,-19.03
25008.421,75,1172,1097,-19.53,-19.53
25031.36,75,1172,1097,-16.39,-16.39
25051.306,76,1172,1096,-19.82,-19.82
25080.235,76,1172,1096,-18.47,-18.47
25107.181,77,1172,1095,-19.08,-19.08
25145.062,78,1172,1094,-19.75,-19.75
25150.075,78,1172,1094,-17.01,-17.01
25154.065,78,1172,1094,-16.92,-16.92
25175.985,79,1172,1093,-17.34,-17.34
25189.97,78,1172,1094,-18.01,-18.01
25211.883,78,1172,1094,-15.56,-15.56
25228.837,78,1172,1094,-17.01,-17.01
25249.819,77,1172,1095,-18.25,-18.25
25268.757,77,1172,1095,-17.01,-17.01
25289.702,77,1172,1095,-14.32,-14.32
25317.593,77,1172,1095,-15.66,-15.66
25330.593,77,1172,1095,-18.06,-18.06
25352.504,77,1172,1095,-20.86,-20.86
25370.487,76,1172,1096,-22.16,-22.16
25391.431,76,1172,1096,-20.63,-20.63
25413.371,75,1172,1097,-19.64,-19.64
25430.299,76,1172,1096,-22.67,-22.67
25455.223,77,1172,1095,-22.5,-22.5
25476.196,77,1172,1095,-22.22,-22.22
25491.167,76,1172,1096,-25.18,-25.18
25514.112,76,1172,1096,-28.99,-28.99
25530.024,76,1172,1096,-27.97,-27.97
25550.007,75,1172,1097,-25.75,-25.75
25570.949,76,1172,1096,-27.76,-27.76
25597.85,76,1172,1096,-25.63,-25.63
25616.837,76,1172,1096,-26.4,-26.4
25633.751,76,1172,1096,-25.23,-25.23
25654.691,76,1172,1096,-23.39,-23.39
25673.64,76,1172,1096,-24.77,-24.77
25718.554,76,1172,1096,-23.79,-23.79
25724.517,76,1172,1096,-23.85,-23.85
25739.47,76,1172,1096,-24.48,-24.48
25764.403,76,1172,1096,-27.34,-27.34
25779.392,76,1172,1096,-27.7,-27.7
25795.316,76,1172,1096,-27.48,-27.48
25816.293,76,1172,1096,-25.62,-25.62
25835.242,76,1172,1096,-27.8,-27.8
25854.192,76,1172,1096,-25.42,-25.42
25880.158,77,1172,1095,-26.41,-26.41
25899.041,77,1172,1095,-26.53,-26.53
25914.994,77,1172,1095,-28.18,-28.18
25934.943,76,1172,1096,-26.74,-26.74
25958.878,76,1172,1096,-23.88,-23.88
25973.872,76,1172,1096,-27.87,-27.87
25996.776,75,1172,1097,-30.5,-30.5
26019.786,75,1172,1097,-24.59,-24.59
26039.699,75,1172,1097,-28.48,-28.48
26058.647,75,1172,1097,-24.22,-24.22
26076.597,75,1172,1097,-26.41,-26.41
26096.517,75,1172,1097,-28.38,-28.38
26117.496,75,1172,1097,-26.49,-26.49
26135.414,76,1172,1096,-25.23,-25.23
26164.338,76,1172,1096,-30.11,-30.11
26184.308,76,1172,1096,-27.0,-27.0
26201.229,76,1172,1096,-25.49,-25.49
26219.194,76,1172,1096,-30.57,-30.57
26237.167,75,1172,1097,-28.98,-28.98
26258.112,76,1172,1096,-26.28,-26.28
26276.033,76,1172,1096,-28.18,-28.18
26302.968,76,1172,1096,-26.37,-26.37
26320.928,76,1172,1096,-26.79,-26.79
26355.853,76,1172,1096,-28.87,-28.87
26362.797,76,1172,1096,-28.34,-28.34
26379.761,76,1172,1096,-25.62,-25.62
26427.659,76,1172,1096,-27.3,-27.3
26432.645,76,1172,1096,-27.87,-27.87
26439.627,76,1172,1096,-22.92,-22.92
26465.538,76,1172,1096,-22.65,-22.65
26481.483,76,1172,1096,-27.35,-27.35
26500.428,76,1172,1096,-21.36,-21.36
26519.413,76,1172,1096,-25.95,-25.95
26538.362,76,1172,1096,-30.19,-30.19
26560.27,76,1172,1096,-31.18,-31.18
26582.216,76,1172,1096,-24.97,-24.97
26604.151,76,1172,1096,-24.27,-24.27
26621.143,77,1172,1095,-27.07,-27.07
26641.09,76,1172,1096,-27.01,-27.01
26659.04,76,1172,1096,-29.67,-29.67
26680.98,76,1172,1096,-30.94,-30.94
26732.806,76,1172,1096,-28.76,-28.76
26737.797,76,1172,1096,-23.58,-23.58
26757.774,76,1172,1096,-26.74,-26.74
26772.717,76,1172,1096,-23.56,-23.56
26784.705,76,1172,1096,-29.57,-29.57
26803.618,76,1172,1096,-31.09,-31.09
26820.606,76,1172,1096,-26.46,-26.46
26840.553,76,1172,1096,-25.3,-25.3
26868.448,76,1172,1096,-29.02,-29.02
26885.399,76,1172,1096,-28.42,-28.42
26905.346,76,1172,1096,-24.75,-24.75
26923.331,76,1172,1096,-25.04,-25.04
26942.247,77,1172,1095,-24.22,-24.22
26963.241,78,1172,1094,-27.48,-27.48
26998.102,78,1172,1094,-29.2,-29.2
27007.079,78,1172,1094,-28.54,-28.54
27038.002,77,1172,1095,-25.43,-25.43
27047.997,77,1172,1095,-14.57,-14.57
27064.957,77,1172,1095,-12.09,-12.09
27089.888,77,1172,1095,-25.17,-25.17
27113.795,77,1172,1095,-23.41,-23.41
27126.788,76,1172,1096,-11.2,-11.2
27144.704,76,1172,1096,-6.19,-6.19
27162.692,77,1172,1095,-17.36,-17.36
27189.586,78,1172,1094,-23.08,-23.08
27204.583,77,1172,1095,-22.82,-22.82
27225.526,75,1172,1097,-18.65,-18.65
27244.438,75,1172,1097,-26.8,-26.8
27264.386,76,1172,1096,-23.79,-23.79
27286.331,77,1172,1095,-11.01,-11.01
27305.309,76,1172,1096,2.57,2.57
27330.21,77,1172,1095,11.43,11.43
27347.198,78,1172,1094,29.26,29.26
27363.156,1040,1172,132,10.26,10.26
27388.052,79,1172,1093,22.78,22.78
27408.037,79,1172,1093,8.67,8.67
27425.987,78,1172,1094,6.15,6.15
27448.926,79,1172,1093,14.3,14.3
27472.827,1040,1172,132,-6.74,-6.74
27487.822,79,1172,1093,65.86,65.86
27508.732,78,1172,1094,-68.01,-68.01
27530.672,77,1172,1095,-46.93,-46.93
27547.664,77,1172,1095,33.94,33.94
27569.576,78,1172,1094,-21.66,-21.66
27588.552,77,1172,1095,-28.24,-28.24
27610.459,76,1172,1096,43.61,43.61
27644.368,77,1172,1095,-9.52,-9.52
27649.353,78,1172,1094,-32.15,-32.15
27676.317,79,1172,1093,17.51,17.51
27693.264,79,1172,1093,36.68,36.68
27732.169,1040,1172,132,36.38,36.38
27738.151,1043,1172,129,20.0,20.0
27753.115,1045,1172,127,15.68,15.68
27771.063,1045,1172,127,12.96,12.96
27790.013,1045,1172,127,21.62,21.62
27808.962,1046,1172,126,19.27,19.27
27836.89,1048,1172,124,14.27,14.27
27854.806,1050,1172,122,20.41,20.41
27872.763,1050,1172,122,8.92,8.92
27891.744,1050,1172,122,13.99,13.99
27912.685,1051,1172,121,1.06,1.06
27931.637,1051,1172,121,-7.28,-7.28
27951.55,1052,1172,120,4.38,4.38
27971.527000000002,1052,1172,120,16.14,16.14
27991.438,1051,1172,121,17.3,17.3
28018.407,1053,1172,119,10.81,10.81
28032.368,1055,1172,117,6.4,6.4
28053.277,1055,1172,117,12.34,12.34
28073.225,1053,1172,119,19.64,19.64
28095.163,1053,1172,119,25.74,25.74
28111.144,1056,1172,116,10.66,10.66
28133.099,1058,1172,114,9.57,9.57
28153.032,1056,1172,116,17.37,17.37
28172.953,1054,1172,118,16.36,16.36
28194.897,1055,1172,117,17.13,17.13
28213.879,1058,1172,114,11.66,11.66
28232.798,1057,1172,115,14.64,14.64
28276.713,1055,1172,117,7.85,7.85
28283.657,1055,1172,117,10.27,10.27
28296.628,1057,1172,115,18.42,18.42
28322.554,1059,1172,113,16.64,16.64
28349.514,1060,1172,112,15.7,15.7
28355.473,1060,1172,112,15.62,15.62
28373.418,1060,1172,112,17.0,17.0
28397.361,1060,1172,112,20.48,20.48
28414.342,1061,1172,111,22.66,22.66
28434.254,1062,1172,110,24.31,24.31
28455.233,1062,1172,110,20.29,20.29
28473.186,1061,1172,111,20.12,20.12
28500.144,1060,1172,112,17.64,17.64
28517.07,1061,1172,111,14.53,14.53
28537.009,1061,1172,111,14.5,14.5
28558.956,1061,1172,111,22.23,22.23
28576.907,1061,1172,111,21.57,21.57
28597.817,1061,1172,111,21.41,21.41
28615.804,1062,1172,110,19.1,19.1
28637.71,1062,1172,110,15.44,15.44
28655.696,1061,1172,111,19.88,19.88
28678.624,1061,1172,111,17.15,17.15
28697.606,1062,1172,110,16.32,16.32
28719.546,1063,1172,109,18.37,18.37
28737.45,1062,1172,110,18.6,18.6
28758.426,1061,1172,111,19.76,19.76
28777.371,1062,1172,110,18.15,18.15
28795.322,1062,1172,110,19.17,19.17
28824.25,1062,1172,110,21.65,21.65
28835.186,1062,1172,110,25.38,25.38
28860.152000000002,1063,1172,109,24.67,24.67
28882.058,1064,1172,108,20.9,20.9
28916.001,1064,1172,108,21.44,21.44
28922.946,1064,1172,108,21.32,21.32
28938.938,1064,1172,108,23.08,23.08
28959.885,1064,1172,108,21.91,21.91
29005.797,1065,1172,107,21.9,21.9
29015.734,1064,1172,108,19.47,19.47
29020.69,1064,1172,108,21.19,21.19
29039.672,1064,1172,108,23.94,23.94
29061.611,1064,1172,108,24.54,24.54
29081.558,1065,1172,107,21.35,21.35
29109.486,1065,1172,107,21.5,21.5
29123.445,1064,1172,108,23.06,23.06
29146.351,1064,1172,108,23.74,23.74
29162.342,1065,1172,107,24.4,24.4
29185.253,1066,1172,106,20.99,20.99
29203.196,1065,1172,107,20.32,20.32
29224.178,1064,1172,108,19.37,19.37
29251.104,1064,1172,108,21.39,21.39
29265.07,1065,1172,107,20.67,20.67
29284.99,1065,1172,107,20.71,20.71
29308.975,1064,1172,108,21.43,21.43
29326.904,1064,1172,108,20.59,20.59
29348.846,1064,1172,108,22.21,22.21
29369.752,1065,1172,107,21.58,21.58
29387.738,1065,1172,107,22.12,22.12
29407.686,1065,1172,107,23.98,23.98
29428.629,1065,1172,107,21.34,21.34
29446.548,1065,1172,107,21.42,21.42
29482.46,1065,1172,107,19.72,19.72
29488.472,1065,1172,107,21.19,21.19
29509.415,1065,1172,107,22.59,22.59
29529.359,1065,1172,107,19.3,19.3
29561.24,1065,1172,107,20.76,20.76
29571.247,1065,1172,107,20.06,20.06
29596.18,1065,1172,107,19.68,19.68
29611.14,1066,1172,106,23.38,23.38
29638.034,1066,1172,106,27.66,27.66
29652.998,1066,1172,106,27.25,27.25
29674.972,1067,1172,105,20.36,20.36
29696.881,1067,1172,105,16.79,16.79
29713.839,1067,1172,105,14.71,14.71
29737.802,1067,1172,105,12.89,12.89
29757.724,1067,1172,105,11.85,11.85
29778.665,1068,1172,104,13.79,13.79
29803.72,1068,1172,104,25.99,25.99
29820.672,1067,1172,105,30.81,30.81
29840.619,1067,1172,105,29.27,29.27
29862.595,1068,1172,104,23.24,23.24
29882.506,1068,1172,104,18.99,18.99
29901.455,1067,1172,105,23.34,23.34
29923.396,1067,1172,105,37.18,37.18
29942.345,1068,1172,104,31.33,31.33
29962.291,1069,1172,103,24.13,24.13
29985.232,1069,1172,103,13.64,13.64
30005.176,1068,1172,104,12.79,12.79
30026.122,1067,1172,105,2.52,2.52
30045.075,1066,1172,106,-2.16,-2.16
30066.014,1067,1172,105,6.74,6.74
30086.959,1067,1172,105,24.02,24.02
30107.902,1066,1172,106,39.93,39.93
30131.842,1067,1172,105,42.07,42.07
30152.785,1068,1172,104,49.48,49.48
30195.671,1068,1172,104,45.87,45.87
30202.684,1067,1172,105,53.85,53.85
30213.626,1067,1172,105,62.06,62.06
30243.576,1067,1172,105,80.64,80.64
30252.528,1067,1172,105,87.1,87.1
30272.466,1067,1172,105,81.52,81.52
30306.371,1068,1172,104,84.49,84.49
30322.33,1067,1172,105,88.55,88.55
30337.289,1066,1172,106,89.69,89.69
30354.242,1067,1172,105,82.94,82.94
30377.181,1067,1172,105,86.64,86.64
30397.127,1066,1172,106,81.18,81.18
30424.089,1064,1172,108,65.77,65.77
30444.006,1064,1172,108,60.65,60.65
30462.952,1065,1172,107,89.58,89.58
30482.9,1065,1172,107,28.64,28.64
30502.85,1063,1172,109,26.91,26.91
30524.786,1062,1172,110,39.11,39.11
30544.732,1062,1172,110,28.7,28.7
30571.664,1062,1172,110,12.66,12.66
30588.618,1061,1172,111,13.98,13.98
30611.555,1059,1172,113,34.18,34.18
30631.508,1058,1172,114,30.4,30.4
30654.446,1058,1172,114,15.0,15.0
30674.4,1057,1172,115,1.26,1.26
30695.334,1055,1172,117,1.57,1.57
30723.26,1053,1172,119,-10.7,-10.7
30738.219,1052,1172,120,-0.71,-0.71
30759.159,1052,1172,120,-31.23,-31.23
30779.108,1052,1172,120,-19.82,-19.82
30801.082,1050,1172,122,-5.6,-5.6
30840.013,1049,1172,123,-12.82,-12.82
30857.005,1050,1172,122,-20.9,-20.9
30883.921,1051,1172,121,-11.51,-11.51
30888.906,1049,1172,123,-1.11,-1.11
30905.862,1049,1172,123,-3.3,-3.3
30925.814,1050,1172,122,-7.59,-7.59
30940.768,1051,1172,121,-4.19,-4.19
30973.683,1050,1172,122,0.38,0.38
30989.642,1049,1172,123,2.84,2.84
31010.586,1049,1172,123,2.78,2.78
31030.528,1050,1172,122,-3.81,-3.81
31049.486,1050,1172,122,0.34,0.34
31070.422,1049,1172,123,7.04,7.04
31088.373,1049,1172,123,6.42,6.42
31119.294,1050,1172,122,-4.15,-4.15
31132.293,1051,1172,121,-13.06,-13.06
31157.195,1050,1172,122,-11.5,-11.5
31178.135,1049,1172,123,-7.79,-7.79
31199.077,1049,1172,123,-13.9,-13.9
31217.03,1049,1172,123,-21.09,-21.09
31247.948,1048,1172,124,-24.7,-24.7
31260.915,1047,1172,125,-21.16,-21.16
31287.876,1047,1172,125,-19.01,-19.01
31305.792,1049,1172,123,-16.1,-16.1
31328.73,1048,1172,124,-17.52,-17.52
31348.678,1047,1172,125,-19.56,-19.56
31374.613,1047,1172,125,-18.89,-18.89
31393.56,1047,1172,125,-18.4,-18.4
31413.506,1047,1172,125,-19.29,-19.29
31434.447,1046,1172,126,-17.02,-17.02
31477.332,1046,1172,126,-17.63,-17.63
31493.298,1046,1172,126,-17.24,-17.24
31524.207,1046,1172,126,-17.68,-17.68
31530.196,1047,1172,125,-17.0,-17.0
31543.156,1047,1172,125,-14.03,-14.03
31563.139,1047,1172,125,-14.22,-14.22
31591.028,1047,1172,125,-13.63,-13.63
31611.972999999998,1048,1172,124,-14.45,-14.45
31639.899,1047,1172,125,-15.56,-15.56
31653.863,1047,1172,125,-11.25,-11.25
31670.815,1046,1172,126,-22.02,-22.02
31713.7,1046,1172,126,-20.5,-20.5
31740.628,1047,1172,125,-24.14,-24.14
31746.613,1046,1172,126,-28.19,-28.19
31764.565,1046,1172,126,-25.44,-25.44
31779.529,1045,1172,127,-19.68,-19.68
31804.493,1046,1172,126,-24.08,-24.08
31822.423,1046,1172,126,-21.88,-21.88
31843.353,1047,1172,125,-25.17,-25.17
31871.347999999998,1047,1172,125,-27.67,-27.67
31886.238,1046,1172,126,-22.8,-22.8
31906.185,1046,1172,126,-21.46,-21.46
31929.161,1046,1172,126,-23.16,-23.16
31949.072,1045,1172,127,-29.9,-29.9
31975.041,1045,1172,127,-23.1,-23.1
31997.944,1044,1172,128,-28.21,-28.21
32012.901,1045,1172,127,-14.08,-14.08
32038.832,1044,1172,128,-28.49,-28.49
32055.919,1044,1172,128,-22.66,-22.66
32078.858,1044,1172,128,-24.22,-24.22
32123.745,1044,1172,128,-26.37,-26.37
32128.723,1044,1172,128,-25.5,-25.5
32161.602,1044,1172,128,-27.32,-27.32
32170.584,1045,1172,127,-26.07,-26.07
32186.535,1045,1172,127,-28.76,-28.76
32207.514,1045,1172,127,-26.56,-26.56
32234.418,1044,1172,128,-26.56,-26.56
32254.391,1044,1172,128,-27.92,-27.92
32270.346,1044,1172,128,-26.74,-26.74
32292.287,1044,1172,128,-21.34,-21.34
32325.199,1043,1172,129,-24.06,-24.06
32337.166,1044,1172,128,-28.21,-28.21
32362.107,1044,1172,128,-25.69,-25.69
32379.023,1043,1172,129,-27.13,-27.13
32401.96,1043,1172,129,-27.59,-27.59
32421.943,1044,1172,128,-25.45,-25.45
32443.85,1044,1172,128,-23.93,-23.93
32463.793,1044,1172,128,-25.27,-25.27
32491.728,1044,1172,128,-25.14,-25.14
32509.709,1043,1172,129,-24.93,-24.93
32530.651,1044,1172,128,-24.83,-24.83
32553.553,1044,1172,128,-26.31,-26.31
32571.543,1044,1172,128,-26.82,-26.82
32593.482,1044,1172,128,-28.38,-28.38
32619.412,1044,1172,128,-29.35,-29.35
32640.321,1044,1172,128,-25.51,-25.51
32658.274,1044,1172,128,-25.57,-25.57
32683.207,1044,1172,128,-27.58,-27.58
32700.165,1044,1172,128,-25.12,-25.12
32722.136,1044,1172,128,-27.19,-27.19
32762.033,1043,1172,129,-29.31,-29.31
32768.014,1044,1172,128,-24.61,-24.61
32795.939,1045,1172,127,-22.55,-22.55
32809.901,1045,1172,127,-29.58,-29.58
32827.854,1045,1172,127,-30.31,-30.31
32851.757,1045,1172,127,-29.34,-29.34
32897.634,1045,1172,127,-26.32,-26.32
32906.643,1045,1172,127,-28.79,-28.79
32918.577,1045,1172,127,-26.79,-26.79
32938.523,1043,1172,129,-25.39,-25.39
32959.502,1044,1172,128,-26.87,-26.87
32984.402,1044,1172,128,-23.72,-23.72
33003.387,1043,1172,129,-26.49,-26.49
33021.336,1043,1172,129,-30.1,-30.1
33045.274,1043,1172,129,-24.84,-24.84
33066.182,1043,1172,129,-24.78,-24.78
33089.154,1043,1172,129,-25.94,-25.94
33113.059,1043,1172,129,-23.89,-23.89
33131.045,1043,1172,129,-23.93,-23.93
33151.963,1043,1172,129,-21.08,-21.08
33172.931,1043,1172,129,-24.12,-24.12
33192.847,1043,1172,129,-18.34,-18.34
33215.815,1043,1172,129,-19.63,-19.63
33242.717,1043,1172,129,-17.63,-17.63
33259.702,1042,1172,130,-26.56,-26.56
33282.638,1043,1172,129,-20.56,-20.56
33303.547,1043,1172,129,-23.21,-23.21
33323.528,1044,1172,128,-22.42,-22.42
33343.474,1045,1172,127,-25.44,-25.44
33395.308,1045,1172,127,-20.21,-20.21
33406.306,1045,1172,127,-19.88,-19.88
33418.249,1045,1172,127,-19.45,-19.45
33439.183,1046,1172,126,-18.8,-18.8
33455.141,1046,1172,126,-22.06,-22.06
33480.147,1045,1172,127,-22.59,-22.59
33499.034,1045,1172,127,-22.42,-22.42
33516.976,1045,1172,127,-19.01,-19.01
33538.954,1044,1172,128,-29.02,-29.02
33558.902,1044,1172,128,-26.54,-26.54
33579.842,1045,1172,127,-18.5,-18.5
33600.754,1045,1172,127,-9.2,-9.2
33627.696,1045,1172,127,-24.9,-24.9
33646.664,1046,1172,126,-41.17,-41.17
33666.612,1046,1172,126,-38.69,-38.69
33687.554,1045,1172,127,-22.71,-22.71
33709.46,1045,1172,127,1.55,1.55
33736.389,1046,1172,126,5.77,5.77
33759.365,1046,1172,126,-23.85,-23.85
33776.314,1047,1172,125,-38.61,-38.61
33794.237,1046,1172,126,-12.37,-12.37
33821.161,1046,1172,126,42.56,42.56
33839.148,1047,1172,125,61.7,61.7
33866.116,1049,1172,123,-87.66,-87.66
33896.997,1050,1172,122,-80.33,-80.33
33912.954,1048,1172,124,-87.94,-87.94
33927.914,1047,1172,125,-87.99,-87.99
33947.833,1048,1172,124,-77.66,-77.66
33967.772,1048,1172,124,-61.79,-61.79
33988.719,1047,1172,125,-64.7,-64.7
34035.594,1047,1172,125,-39.35,-39.35
34042.568,1047,1172,125,-5.87,-5.87
34049.552,1047,1172,125,0.95,0.95
34076.479,1047,1172,125,-22.14,-22.14
34091.439,1048,1172,124,-22.51,-22.51
34111.385,1049,1172,123,-14.31,-14.31
34129.372,1049,1172,123,-15.97,-15.97
34155.303,1049,1172,123,-3.33,-3.33
34174.219,1051,1172,121,-4.95,-4.95
34207.132,1052,1172,120,-10.27,-10.27
34222.127,1052,1172,120,-6.63,-6.63
34242.04,1052,1172,120,-11.49,-11.49
34262.018,1052,1172,120,-10.17,-10.17
34274.982,1054,1172,118,-7.32,-7.32
34290.939,1055,1172,117,4.14,4.14
34317.833,1055,1172,117,-2.07,-2.07
34331.839,1055,1172,117,-2.32,-2.32
34354.769,1056,1172,116,-2.22,-2.22
34372.722,1056,1172,116,0.25,0.25
34391.671,1056,1172,116,11.89,11.89
34411.586,1057,1172,115,16.4,16.4
34434.524,1059,1172,113,13.66,13.66
34453.524,1062,1172,110,4.97,4.97
34473.451,1062,1172,110,0.0,0.0
34497.359,1059,1172,113,9.71,9.71
34514.307,1060,1172,112,10.4,10.4
34532.296,1061,1172,111,3.38,3.38
34557.228,1060,1172,112,2.52,2.52
34574.183,1060,1172,112,1.12,1.12
34593.133,1059,1172,113,19.82,19.82
34614.04,1060,1172,112,17.78,17.78
34638.98,1062,1172,110,13.25,13.25
34683.853,1062,1172,110,15.56,15.56
34688.875,1061,1172,111,20.08,20.08
34707.828,1061,1172,111,25.65,25.65
34726.739,1063,1172,109,24.04,24.04
34737.746,1064,1172,108,18.02,18.02
34752.707,1064,1172,108,20.01,20.01
34775.613,1062,1172,110,19.25,19.25
34791.601,1061,1172,111,21.42,21.42
34814.508,1061,1172,111,20.39,20.39
34835.45,1063,1172,109,19.48,19.48
34856.397,1063,1172,109,17.5,17.5
34875.377,1062,1172,110,17.75,17.75
34896.321,1062,1172,110,19.47,19.47
34915.27,1062,1172,110,19.64,19.64
34935.183,1062,1172,110,19.82,19.82
34954.194,1062,1172,110,16.4,16.4
34979.064,1062,1172,110,14.75,14.75
35000.012,1062,1172,110,13.75,13.75
35017.967,1062,1172,110,17.18,17.18
35037.915,1061,1172,111,16.32,16.32
35059.883,1061,1172,111,15.99,15.99
35076.838,1061,1172,111,16.35,16.35
35096.784,1062,1172,110,15.23,15.23
35116.697,1062,1172,110,14.97,14.97
35141.63,1061,1172,111,14.97,14.97
35159.62,1061,1172,111,14.97,14.97
35178.536,1061,1172,111,15.81,15.81
35199.474,1062,1172,110,16.1,16.1
35218.428,1062,1172,110,16.82,16.82
35242.397,1063,1172,109,17.44,17.44
35258.321,1063,1172,109,18.35,18.35
35281.29,1063,1172,109,18.85,18.85
35319.157,1062,1172,110,19.78,19.78
35323.178,1062,1172,110,18.45,18.45
35341.132,1062,1172,110,19.04,19.04
35364.066,1063,1172,109,17.75,17.75
35381.03,1063,1172,109,14.06,14.06
35399.974,1063,1172,109,16.86,16.86
35420.935,1063,1172,109,16.08,16.08
35437.856,1062,1172,110,17.09,17.09
35465.765,1062,1172,110,17.14,17.14
35478.729,1062,1172,110,17.68,17.68
35522.645,1062,1172,110,18.34,18.34
35529.628,1063,1172,109,17.88,17.88
35542.591,1063,1172,109,17.44,17.44
35559.547,1063,1172,109,17.44,17.44
35581.486,1064,1172,108,18.33,18.33
35599.44,1065,1172,107,17.82,17.82
35628.368,1065,1172,107,17.22,17.22
35646.29,1065,1172,107,17.23,17.23
35665.234,1065,1172,107,16.82,16.82
35690.161,1065,1172,107,16.4,16.4
35708.152,1065,1172,107,16.43,16.43
35726.101,1065,1172,107,16.8,16.8
35745.018,1065,1172,107,18.21,18.21
35763.004,1065,1172,107,17.44,17.44
35790.931,1065,1172,107,18.65,18.65
35808.849,1064,1172,108,16.14,16.14
35827.798,1063,1172,109,17.4,17.4
35849.747,1063,1172,109,17.23,17.23
35865.731,1064,1172,108,17.27,17.27
35889.663,1064,1172,108,16.33,16.33
35907.615,1065,1172,107,17.64,17.64
35926.564,1066,1172,106,18.82,18.82
35960.469,1065,1172,107,18.26,18.26
35968.455,1065,1172,107,17.78,17.78
36006.351,1065,1172,107,17.54,17.54
36012.305,1065,1172,107,16.25,16.25
36032.285,1064,1172,108,16.57,16.57
36057.215,1064,1172,108,13.37,13.37
36073.171,1065,1172,107,16.4,16.4
36093.118,1064,1172,108,15.85,15.85
36115.027,1063,1172,109,17.04,17.04
36133.011,1064,1172,108,18.85,18.85
36152.924,1064,1172,108,26.27,26.27
36172.905,1063,1172,109,15.2,15.2
36192.853,1064,1172,108,8.52,8.52
36213.795,1063,1172,109,9.87,9.87
36232.746,1062,1172,110,11.85,11.85
36254.651,1062,1172,110,15.65,15.65
36292.553,1063,1172,109,11.83,11.83
36308.545,1064,1172,108,15.23,15.23
36316.521,1064,1172,108,13.01,13.01
36336.434,1064,1172,108,16.35,16.35
36357.376,1064,1172,108,15.89,15.89
36377.357,1065,1172,107,10.47,10.47
36395.274,1065,1172,107,10.64,10.64
36423.201,1064,1172,108,8.7,8.7
36441.226,1063,1172,109,10.07,10.07
36458.145,1063,1172,109,13.08,13.08
36477.094,1064,1172,108,16.07,16.07
36500.031,1064,1172,108,12.57,12.57
36518.979,1065,1172,107,7.83,7.83
36544.874,1065,1172,107,4.42,4.42
36563.858,1065,1172,107,5.6,5.6
36601.727,1065,1172,107,4.3,4.3
36606.709,1065,1172,107,-4.69,-4.69
36640.654,1065,1172,107,-4.1,-4.1
36645.604,1065,1172,107,0.31,0.31
36673.533,1064,1172,108,9.28,9.28
36684.502,1065,1172,107,12.88,12.88
36719.444,1066,1172,106,23.52,23.52
36743.38,1067,1172,105,21.46,21.46
36751.357,1066,1172,106,30.31,30.31
36764.322,1067,1172,105,59.03,59.03
36792.251,1067,1172,105,53.17,53.17
36806.191,1068,1172,104,59.26,59.26
36841.136,1068,1172,104,57.69,57.69
36849.115,1068,1172,104,47.23,47.23
36874.055,1067,1172,105,34.44,34.44
36887.013,1067,1172,105,34.89,34.89
36908.954,1067,1172,105,60.75,60.75
36928.906,1066,1172,106,68.95,68.95
36957.827,1065,1172,107,86.92,86.92
36974.781,1065,1172,107,89.59,89.59
36995.725,1065,1172,107,81.32,81.32
37016.667,1064,1172,108,71.69,71.69
37039.607,1064,1172,108,47.9,47.9
37058.554,1063,1172,109,52.75,52.75
37084.488,1062,1172,110,48.48,48.48
37101.444,1060,1172,112,84.28,84.28
37123.389,1061,1172,111,18.1,18.1
37142.331,1061,1172,111,25.88,25.88
37163.274,1060,1172,112,-1.5,-1.5
37185.216,1058,1172,114,-6.74,-6.74
37206.218,1058,1172,114,6.91,6.91
37241.162,1057,1172,115,8.73,8.73
37258.153,1056,1172,116,-2.08,-2.08
37285.112,1055,1172,117,-10.14,-10.14
37292.099,1053,1172,119,3.2,3.2
37311.078,1051,1172,121,-3.22,-3.22
37331.031,1051,1172,121,1.69,1.69
37350.973,1051,1172,121,1.13,1.13
37373.91,1050,1172,122,-10.53,-10.53
37394.825,1050,1172,122,-14.38,-14.38
37415.799,1049,1172,123,-13.67,-13.67
37437.704,1049,1172,123,-15.28,-15.28
37458.683,1048,1172,124,-19.08,-19.08
37479.627,1049,1172,123,-3.46,-3.46
37504.528,1048,1172,124,-10.22,-10.22
37523.521,1048,1172,124,-18.57,-18.57
37544.456,1049,1172,123,-12.22,-12.22
37566.395,1048,1172,124,7.15,7.15
37586.345,1046,1172,126,-5.29,-5.29
37611.31,1047,1172,125,-11.59,-11.59
37631.192,1048,1172,124,-9.48,-9.48
37650.192,1047,1172,125,-4.46,-4.46
37674.072,1046,1172,126,-17.32,-17.32
37694.031,1047,1172,125,-11.71,-11.71
37714.971,1047,1172,125,-17.38,-17.38
37740.895,1047,1172,125,-30.09,-30.09
37757.883,1047,1172,125,-25.57,-25.57
37779.823,1046,1172,126,-23.06,-23.06
37802.764,1046,1172,126,-19.75,-19.75
37820.715,1046,1172,126,-10.2,-10.2
37842.655,1046,1172,126,-11.36,-11.36
37879.562,1046,1172,126,-14.7,-14.7
37888.5,1046,1172,126,-12.22,-12.22
37919.45,1046,1172,126,-11.37,-11.37
37930.392,1045,1172,127,-14.24,-14.24
37951.368,1046,1172,126,-18.41,-18.41
37969.317,1046,1172,126,-18.24,-18.24
37998.243,1045,1172,127,-17.2,-17.2
38016.191,1044,1172,128,-19.56,-19.56
38037.103,1045,1172,127,-18.98,-18.98
38058.045,1044,1172,128,-18.29,-18.29
38079.025,1043,1172,129,-17.2,-17.2
38100.973,1043,1172,129,-25.32,-25.32
38140.862,1042,1172,130,-21.56,-21.56
38149.835,1043,1172,129,-26.56,-26.56
38166.792,1043,1172,129,-33.87,-33.87
38185.738,1043,1172,129,-35.91,-35.91
38209.674,1043,1172,129,-37.54,-37.54
38235.609,1043,1172,129,-31.61,-31.61
38254.556,1043,1172,129,-31.53,-31.53
38274.467,1042,1172,130,-29.31,-29.31
38293.45,1042,1172,130,-36.26,-36.26
38317.351,1042,1172,130,-29.83,-29.83
38335.338,1042,1172,130,-27.58,-27.58
38359.275,1042,1172,130,-28.48,-28.48
38379.22,1043,1172,129,-30.13,-30.13
38402.159,1044,1172,128,-30.96,-30.96
38422.072,1043,1172,129,-32.01,-32.01
38444.017,1043,1172,129,-33.88,-33.88
38463.958,1044,1172,128,-32.12,-32.12
38515.823,1044,1172,128,-35.2,-35.2
38522.836,1044,1172,128,-34.11,-34.11
38536.798,1044,1172,128,-34.32,-34.32
38561.716,1044,1172,128,-32.15,-32.15
38575.67,1044,1172,128,-36.63,-36.63
38594.611,1044,1172,128,-34.33,-34.33
38621.541,1044,1172,128,-33.95,-33.95
38641.484,1044,1172,128,-30.57,-30.57
38660.438,1044,1172,128,-32.98,-32.98
38691.35,1044,1172,128,-33.65,-33.65
38716.318,1044,1172,128,-34.17,-34.17
38727.322,1043,1172,129,-31.58,-31.58
38748.256,1043,1172,129,-33.71,-33.71
38767.183,1043,1172,129,-33.2,-33.2
38788.131,1043,1172,129,-32.47,-32.47
38811.065,1043,1172,129,-31.97,-31.97
38841.957,1043,1172,129,-33.14,-33.14
38853.917,1043,1172,129,-31.48,-31.48
38877.853,1043,1172,129,-30.73,-30.73
38894.807,1043,1172,129,-33.87,-33.87
38915.75,1043,1172,129,-32.84,-32.84
38940.69,1043,1172,129,-30.52,-30.52
38961.628,1043,1172,129,-32.98,-32.98
38983.603,1043,1172,129,-32.99,-32.99
39007.512,1043,1172,129,-38.8,-38.8
39022.469,1043,1172,129,-35.76,-35.76
39046.401,1042,1172,130,-33.79,-33.79
39069.339,1042,1172,130,-30.87,-30.87
39085.331,1042,1172,130,-35.13,-35.13
39108.288,1043,1172,129,-33.73,-33.73
39131.178,1042,1172,130,-32.47,-32.47
39160.131,1042,1172,130,-32.39,-32.39
39176.055,1042,1172,130,-33.06,-33.06
39204.013,1042,1172,130,-34.0,-34.0
39216.99,1042,1172,130,-36.71,-36.71
39242.876,1042,1172,130,-31.74,-31.74
39259.864,1042,1172,130,-35.48,-35.48
39279.811,1042,1172,130,-36.24,-36.24
39301.717,1042,1172,130,-30.04,-30.04
39326.651,1042,1172,130,-34.16,-34.16
39344.64,1043,1172,129,-34.1,-34.1
39365.546,1043,1172,129,-32.55,-32.55
39390.481,1042,1172,130,-36.44,-36.44
39409.464,1042,1172,130,-37.06,-37.06
39453.347,1043,1172,129,-34.56,-34.56
39460.293,1043,1172,129,-34.4,-34.4
39477.248,1044,1172,128,-35.51,-35.51
39499.227,1044,1172,128,-30.72,-30.72
39517.176,1044,1172,128,-31.84,-31.84
39543.084,1044,1172,128,-29.59,-29.59
39560.062,1043,1172,129,-35.15,-35.15
39580.979,1043,1172,129,-31.6,-31.6
39606.902,1042,1172,130,-27.9,-27.9
39629.841,1042,1172,130,-31.97,-31.97
39644.802,1042,1172,130,-35.93,-35.93
39667.773,1043,1172,129,-34.66,-34.66
39688.689,1042,1172,130,-36.92,-36.92
39710.661,1042,1172,130,-31.78,-31.78
39742.538,1042,1172,130,-25.58,-25.58
39753.545,1043,1172,129,-31.43,-31.43
39796.431,1043,1172,129,-37.08,-37.08
39806.385,1043,1172,129,-35.16,-35.16
39817.376,1043,1172,129,-35.25,-35.25
39842.299,1044,1172,128,-31.4,-31.4
39865.215,1044,1172,128,-26.75,-26.75
39883.196,1044,1172,128,-34.05,-34.05
39905.139,1045,1172,127,-41.19,-41.19
39925.071,1046,1172,126,-35.06,-35.06
39947.025,1045,1172,127,-24.45,-24.45
39966.976,1045,1172,127,-20.34,-20.34
39993.934,1045,1172,127,-27.02,-27.02
40009.86,1045,1172,127,-43.04,-43.04
40030.801,1044,1172,128,-31.85,-31.85
40054.739,1043,1172,129,-19.14,-19.14
40076.649,1044,1172,128,-14.7,-14.7
40095.6,1046,1172,126,-30.47,-30.47
40121.525,1047,1172,125,-33.13,-33.13
40140.476,1046,1172,126,-25.46,-25.46
40162.45,1045,1172,127,-23.02,-23.02
40181.4,1046,1172,126,-9.32,-9.32
40202.342,1046,1172,126,-18.57,-18.57
40228.237,1046,1172,126,-15.23,-15.23
40244.231,1045,1172,127,-0.61,-0.61
40266.173,1045,1172,127,9.99,9.99
40289.081,1046,1172,126,63.8,63.8
40308.026,1047,1172,125,68.95,68.95
40328.973,1047,1172,125,1.97,1.97
40346.96,1048,1172,124,-42.13,-42.13
40373.85,1048,1172,124,57.75,57.75
40393.835,1047,1172,125,87.49,87.49
40409.792,1048,1172,124,87.89,87.89
40442.685,1049,1172,123,72.31,72.31
40481.569,1051,1172,121,84.11,84.11
40487.583,1051,1172,121,75.78,75.78
40499.513,1051,1172,121,39.4,39.4
40519.5,1052,1172,120,26.2,26.2
40539.445,1053,1172,119,56.93,56.93
40556.4,1052,1172,120,21.9,21.9
40576.307,1052,1172,120,20.75,20.75
40597.268,1053,1172,119,15.51,15.51
40615.205,1055,1172,117,9.36,9.36
40636.148,1054,1172,118,11.98,11.98
40657.129,1054,1172,118,20.34,20.34
40683.032,1054,1172,118,8.61,8.61
40703.967,1056,1172,116,30.24,30.24
40720.959,1056,1172,116,10.51,10.51
40738.908,1055,1172,117,17.43,17.43
40768.827,1057,1172,115,20.63,20.63
40779.799,1058,1172,114,20.93,20.93
40797.715,1058,1172,114,14.94,14.94
40819.691,1058,1172,114,30.56,30.56
40842.601,1059,1172,113,28.96,28.96
40862.543,1059,1172,113,32.43,32.43
40879.532,1061,1172,111,38.0,38.0
40898.482,1061,1172,111,34.81,34.81
40918.397,1060,1172,112,28.59,28.59
40939.372,1060,1172,112,28.98,28.98
40961.313,1062,1172,110,25.99,25.99
40973.28,1061,1172,111,25.64,25.64
40996.218,1061,1172,111,24.19,24.19
41023.151,1061,1172,111,30.59,30.59
41036.079,1061,1172,111,25.15,25.15
41076.97,1061,1172,111,14.99,14.99
41085.944,1061,1172,111,18.79,18.79
41115.9,1060,1172,112,17.87,17.87
41119.852,1059,1172,113,22.32,22.32
41140.845,1059,1172,113,20.44,20.44
41159.798,1059,1172,113,19.9,19.9
41189.669,1060,1172,112,16.73,16.73
41208.617,1059,1172,113,16.73,16.73
41223.612,1058,1172,114,20.71,20.71
41244.522,1058,1172,114,19.31,19.31
41262.476,1058,1172,114,19.95,19.95
41281.456,1058,1172,114,20.18,20.18
41306.389,1058,1172,114,19.38,19.38
41323.343,1058,1172,114,20.82,20.82
41348.28,1058,1172,114,20.91,20.91
41363.243,1059,1172,113,20.36,20.36
41380.192,1059,1172,113,20.54,20.54
41402.134,1059,1172,113,21.36,21.36
41429.061,1058,1172,114,22.05,22.05
41450.005,1058,1172,114,21.64,21.64
41462.97,1059,1172,113,19.38,19.38
41487.883,1058,1172,114,18.99,18.99
41507.854,1058,1172,114,18.55,18.55
41520.818,1058,1172,114,17.94,17.94
41544.754,1058,1172,114,18.41,18.41
41563.706,1058,1172,114,17.81,17.81
41586.604,1058,1172,114,17.47,17.47
41602.596,1058,1172,114,18.75,18.75
41623.54,1059,1172,113,19.57,19.57
41642.49,1059,1172,113,18.39,18.39
41666.471,1059,1172,113,19.12,19.12
41684.431,1059,1172,113,20.55,20.55
41741.279,1059,1172,113,19.03,19.03
41789.149,1058,1172,114,20.27,20.27
41793.139,1059,1172,113,19.93,19.93
41797.126,1059,1172,113,19.68,19.68
41804.11,1058,1172,114,19.43,19.43
41816.079,1059,1172,113,17.88,17.88
41833.036,1059,1172,113,18.59,18.59
41847.0,1059,1172,113,18.8,18.8
41866.005,1059,1172,113,17.81,17.81
41885.95,1059,1172,113,15.91,15.91
41907.89,1060,1172,112,16.36,16.36
41925.843,1060,1172,112,16.94,16.94
41945.824,1060,1172,112,14.02,14.02
41965.736,1060,1172,112,13.25,13.25
41990.677,1060,1172,112,11.6,11.6
42006.63,1061,1172,111,13.45,13.45
42049.516,1061,1172,111,15.2,15.2
42057.49,1061,1172,111,15.58,15.58
42079.443,1060,1172,112,14.59,14.59
42088.408,1060,1172,112,17.24,17.24
42108.355,1061,1172,111,21.87,21.87
42126.306,1061,1172,111,21.68,21.68
42153.245,1062,1172,110,19.95,19.95
42169.195,1062,1172,110,13.29,13.29
42188.146,1062,1172,110,17.56,17.56
42209.086,1061,1172,111,24.86,24.86
42230.037,1061,1172,111,23.05,23.05
42247.987,1063,1172,109,20.72,20.72
42269.922,1064,1172,108,23.21,23.21
42294.893,1063,1172,109,24.13,24.13
42320.794,1062,1172,110,20.83,20.83
42355.696,1062,1172,110,18.67,18.67
42362.708,1063,1172,109,20.51,20.51
42371.65,1063,1172,109,27.99,27.99
42400.574,1062,1172,110,32.87,32.87
42413.573,1062,1172,110,21.51,21.51
42431.495,1064,1172,108,9.87,9.87
42451.437,1064,1172,108,14.86,14.86
42478.374,1062,1172,110,21.63,21.63
42490.332,1061,1172,111,30.43,30.43
42512.275,1063,1172,109,22.24,22.24
42533.219,1064,1172,108,22.12,22.12
42551.169,1063,1172,109,-5.78,-5.78
42572.114,1061,1172,111,1.35,1.35
42595.075,1060,1172,112,18.67,18.67
42610.014,1061,1172,111,26.78,26.78
42638.939,1062,1172,110,73.23,73.23
42656.897,1062,1172,110,87.79,87.79
42679.831,1062,1172,110,89.92,89.92
42700.806,1063,1172,109,90.0,90.0
42718.721,1065,1172,107,89.88,89.88
42738.668,1063,1172,109,79.42,79.42
42761.635,1061,1172,111,62.42,62.42
42788.542,1061,1172,111,81.1,81.1
42809.482,1062,1172,110,78.85,78.85
42826.433,1062,1172,110,47.51,47.51
42848.38,1060,1172,112,43.78,43.78
42868.325,1059,1172,113,47.73,47.73
42890.263,1059,1172,113,3.79,3.79
42910.21,1059,1172,113,11.79,11.79
42934.148,1058,1172,114,-12.01,-12.01
42956.087,1055,1172,117,-37.9,-37.9
42996.977,1055,1172,117,-51.29,-51.29
43002.997,1054,1172,118,-37.7,-37.7
43017.92,1052,1172,120,-20.74,-20.74
43042.856,1050,1172,122,-24.16,-24.16
43064.799,1050,1172,122,-35.07,-35.07
43084.745,1050,1172,122,-10.86,-10.86
43104.727,1049,1172,123,-12.68,-12.68
43124.635,1047,1172,125,-2.04,-2.04
43146.577,1047,1172,125,-24.27,-24.27
43171.513,1048,1172,124,-37.48,-37.48
43190.463,1046,1172,126,-19.44,-19.44
43210.416,1044,1172,128,-8.35,-8.35
43232.348,1044,1172,128,-1.41,-1.41
43251.297,1047,1172,125,-19.3,-19.3
43273.239,1047,1172,125,-49.58,-49.58
43299.173,1045,1172,127,-50.1,-50.1
43317.123,1044,1172,128,-41.13,-41.13
43357.017,1043,1172,129,-29.66,-29.66
43363.996,1045,1172,127,-31.71,-31.71
43382.945,1046,1172,126,-32.81,-32.81
43398.918,1045,1172,127,-32.98,-32.98
43426.83,1044,1172,128,-33.33,-33.33
43459.744,1045,1172,127,-28.15,-28.15
43474.703,1046,1172,126,-27.87,-27.87
43489.696,1045,1172,127,-30.55,-30.55
43507.611,1044,1172,128,-43.79,-43.79
43530.552,1044,1172,128,-30.44,-30.44
43555.487,1044,1172,128,-15.7,-15.7
43582.411,1044,1172,128,-15.27,-15.27
43602.363,1045,1172,127,-23.74,-23.74
43636.331,1046,1172,126,-29.65,-29.65
43645.306,1045,1172,127,-33.84,-33.84
43657.279,1044,1172,128,-27.0,-27.0
43690.292,1044,1172,128,-29.67,-29.67
43710.239,1044,1172,128,-31.72,-31.72
43726.162,1044,1172,128,-32.76,-32.76
43747.112,1043,1172,129,-34.9,-34.9
43766.065,1043,1172,129,-33.51,-33.51
43787.033,1043,1172,129,-33.93,-33.93
43809.961,1043,1172,129,-32.52,-32.52
43843.847,1044,1172,128,-33.75,-33.75
43852.858,1044,1172,128,-31.95,-31.95
43874.8,1044,1172,128,-32.79,-32.79
43894.746,1044,1172,128,-35.6,-35.6
43916.687,1043,1172,129,-32.85,-32.85
43940.625,1043,1172,129,-33.03,-33.03
43962.533,1044,1172,128,-34.78,-34.78
43981.483,1044,1172,128,-33.82,-33.82
44001.459,1043,1172,129,-36.16,-36.16
44022.369,1043,1172,129,-39.11,-39.11
44041.353,1043,1172,129,-35.82,-35.82
44067.286,1042,1172,130,-39.25,-39.25
44089.231,1043,1172,129,-38.19,-38.19
44109.171,1043,1172,129,-39.06,-39.06
44132.113,1042,1172,130,-39.02,-39.02
44150.034,1042,1172,130,-38.17,-38.17
44179.972,1042,1172,130,-38.62,-38.62
44197.935,1042,1172,130,-39.67,-39.67
44219.877,1042,1172,130,-39.99,-39.99
44238.802,1041,1172,131,-36.46,-36.46
44277.688,1040,1172,132,-39.65,-39.65
44287.663,1040,1172,132,-38.23,-38.23
44321.605,1040,1172,132,-37.17,-37.17
44326.555,1040,1172,132,-36.78,-36.78
44345.504,1040,1172,132,-38.06,-38.06
44367.479,1040,1172,132,-36.7,-36.7
44390.388,1041,1172,131,-36.43,-36.43
44408.371,1041,1172,131,-38.47,-38.47
44434.304,1041,1172,131,-36.29,-36.29
44454.25,1041,1172,131,-37.26,-37.26
44475.192,1040,1172,132,-39.36,-39.36
44496.109,1040,1172,132,-40.6,-40.6
44517.046,1040,1172,132,-39.82,-39.82
44538.024,1041,1172,131,-40.01,-40.01
44560.965,1040,1172,132,-38.21,-38.21
44581.872,1040,1172,132,-41.34,-41.34
44605.844,1040,1172,132,-38.71,-38.71
44638.719,1040,1172,132,-39.17,-39.17
44644.708,1040,1172,132,-39.56,-39.56
44674.662,1041,1172,131,-37.67,-37.67
44688.624,1040,1172,132,-37.79,-37.79
44711.536,1040,1172,132,-39.06,-39.06
44731.515,1041,1172,131,-42.27,-42.27
44754.417,1040,1172,132,-42.2,-42.2
44772.397,1040,1172,132,-42.11,-42.11
44804.286,1040,1172,132,-40.26,-40.26
44820.261,1040,1172,132,-40.98,-40.98
44842.176,1041,1172,131,-38.04,-38.04
44863.123,1041,1172,131,-39.71,-39.71
44883.102,1041,1172,131,-41.13,-41.13
44922.962,1040,1172,132,-37.82,-37.82
44937.937,1041,1172,131,-40.01,-40.01
44964.882,1041,1172,131,-40.58,-40.58
44970.865,1041,1172,131,-36.28,-36.28
44989.82,1041,1172,131,-39.1,-39.1
45012.72,1041,1172,131,-39.6,-39.6
45037.675,1041,1172,131,-37.48,-37.48
45059.596,1042,1172,130,-40.21,-40.21
45074.59,1041,1172,131,-39.92,-39.92
45098.54,1041,1172,131,-41.63,-41.63
45117.474,1041,1172,131,-38.31,-38.31
45139.508,1040,1172,132,-36.05,-36.05
45167.467,1041,1172,131,-39.62,-39.62
45184.384,1041,1172,131,-42.91,-42.91
45206.324,1040,1172,132,-42.04,-42.04
45226.269,1040,1172,132,-39.27,-39.27
45248.214,1040,1172,132,-41.81,-41.81
45266.163,1041,1172,131,-38.37,-38.37
45290.099,1042,1172,130,-40.35,-40.35
45312.042,1042,1172,130,-37.42,-37.42
45338.969,1042,1172,130,-38.8,-38.8
45355.923,1042,1172,130,-39.1,-39.1
45374.872,1042,1172,130,-43.53,-43.53
45397.817,1042,1172,130,-34.91,-34.91
45423.784,1042,1172,130,-38.35,-38.35
45443.689,1041,1172,131,-42.45,-42.45
45463.636,1041,1172,131,-41.37,-41.37
45484.578,1041,1172,131,-42.27,-42.27
45504.525,1042,1172,130,-39.94,-39.94
45527.469,1042,1172,130,-42.11,-42.11
45560.38,1042,1172,130,-41.16,-41.16
45571.348,1042,1172,130,-37.03,-37.03
45604.258,1042,1172,130,-38.06,-38.06
45612.236,1042,1172,130,-50.39,-50.39
45632.189,1042,1172,130,-51.18,-51.18
45654.125,1042,1172,130,-49.69,-49.69
45682.088,1042,1172,130,-40.16,-40.16
45700.002,1042,1172,130,-30.96,-30.96
45718.951,1042,1172,130,-27.43,-27.43
45742.888,1043,1172,129,-22.39,-22.39
45761.836,1044,1172,128,-16.16,-16.16
45784.775,1044,1172,128,-4.28,-4.28
45809.749,1044,1172,128,-2.26,-2.26
45828.659,1044,1172,128,5.79,5.79
45855.591,1044,1172,128,10.47,10.47
45871.543,1044,1172,128,6.77,6.77
45919.414,1044,1172,128,-10.39,-10.39
45923.44,1044,1172,128,-36.25,-36.25
45939.366,1044,1172,128,-44.97,-44.97
45950.334,1044,1172,128,-34.51,-34.51
45980.252,1043,1172,129,-13.0,-13.0
46000.205,1044,1172,128,14.62,14.62
46018.151,1044,1172,128,23.7,23.7
46041.089,1044,1172,128,10.31,10.31
46067.025,1044,1172,128,-71.32,-71.32
46086.971,1044,1172,128,-70.3,-70.3
46113.894,1044,1172,128,59.19,59.19
46133.846,1043,1172,129,88.87,88.87
46148.843,1044,1172,128,86.15,86.15
46169.751,1047,1172,125,71.77,71.77
46201.66,1049,1172,123,13.9,13.9
46222.604,1047,1172,125,-18.5,-18.5
46244.545,1047,1172,125,1.22,1.22
46251.563,1047,1172,125,19.72,19.72
46270.477,1049,1172,123,10.52,10.52
46291.42,1050,1172,122,-1.29,-1.29
46310.404,1050,1172,122,-16.56,-16.56
46333.316,1050,1172,122,-3.93,-3.93
46355.251,1050,1172,122,3.09,3.09
46376.262,1051,1172,121,16.28,16.28
46389.162,1051,1172,121,13.33,13.33
46413.094,1053,1172,119,7.17,7.17
46433.041,1054,1172,118,21.34,21.34
46452.987,1055,1172,117,19.05,19.05
46473.939,1054,1172,118,13.78,13.78
46493.88,1056,1172,116,16.58,16.58
46510.833,1058,1172,114,12.71,12.71
46536.766,1057,1172,115,16.27,16.27
46554.726,1058,1172,114,19.91,19.91
46575.663,1059,1172,113,14.34,14.34
46593.612,1060,1172,112,23.28,23.28
46613.558,1060,1172,112,23.64,23.64
46636.504,1060,1172,112,13.4,13.4
46653.471,1062,1172,110,30.64,30.64
46677.428,1063,1172,109,37.35,37.35
46700.328,1062,1172,110,29.7,29.7
46738.23,1062,1172,110,29.03,29.03
46766.156,1063,1172,109,27.07,27.07
46772.133,1063,1172,109,20.75,20.75
46777.12,1062,1172,110,27.82,27.82
46796.071,1062,1172,110,22.57,22.57
46837.958,1061,1172,111,18.26,18.26
46842.98,1063,1172,109,20.95,20.95
46858.942,1064,1172,108,22.21,22.21
46883.835,1063,1172,109,23.1,23.1
46894.807,1064,1172,108,24.63,24.63
46913.756,1064,1172,108,22.42,22.42
46934.699,1064,1172,108,22.89,22.89
46955.643,1064,1172,108,26.9,26.9
46974.609,1064,1172,108,30.06,30.06
47001.524,1064,1172,108,27.16,27.16
47022.503,1065,1172,107,26.48,26.48
47040.419,1065,1172,107,24.07,24.07
47059.367,1064,1172,108,22.35,22.35
47078.319,1064,1172,108,23.75,23.75
47106.241,1065,1172,107,23.5,23.5
47120.205,1065,1172,107,21.91,21.91
47142.144,1065,1172,107,18.39,18.39
47165.09,1064,1172,108,23.15,23.15
47186.1,1063,1172,109,21.71,21.71
47225.924,1063,1172,109,21.89,21.89
47234.897,1064,1172,108,22.44,22.44
47247.862,1065,1172,107,20.18,20.18
47266.812,1064,1172,108,21.42,21.42
47282.768,1064,1172,108,21.57,21.57
47304.709,1065,1172,107,22.98,22.98
47322.66,1064,1172,108,22.96,22.96
47349.652,1064,1172,108,23.3,23.3
47366.546,1064,1172,108,22.49,22.49
47386.495,1065,1172,107,21.43,21.43
47405.439,1065,1172,107,21.79,21.79
47426.383,1065,1172,107,22.08,22.08
47447.342,1064,1172,108,22.26,22.26
47481.236,1064,1172,108,22.27,22.27
47496.22,1064,1172,108,20.91,20.91
47526.116,1064,1172,108,22.23,22.23
47532.102,1063,1172,109,24.22,24.22
47547.063,1064,1172,108,23.65,23.65
47567.045,1064,1172,108,22.88,22.88
47586.955,1065,1172,107,22.18,22.18
47606.9,1065,1172,107,22.54,22.54
47626.846,1065,1172,107,23.06,23.06
47652.782,1065,1172,107,21.07,21.07
47676.716,1065,1172,107,20.1,20.1
47688.687,1064,1172,108,21.94,21.94
47708.636,1063,1172,109,21.27,21.27
47728.576,1063,1172,109,22.3,22.3
47749.526,1063,1172,109,21.11,21.11
47767.514,1063,1172,109,19.96,19.96
47787.418,1063,1172,109,21.07,21.07
47807.364,1063,1172,109,21.39,21.39
47835.293,1064,1172,108,22.49,22.49
47853.245,1064,1172,108,21.31,21.31
47871.193,1064,1172,108,21.47,21.47
47890.143,1064,1172,108,22.14,22.14
47909.092,1064,1172,108,22.95,22.95
47931.033,1064,1172,108,25.83,25.83
47950.98,1065,1172,107,23.08,23.08
47969.932,1065,1172,107,21.55,21.55
47997.858,1065,1172,107,21.62,21.62
48012.817,1065,1172,107,23.52,23.52
48036.756,1066,1172,106,22.51,22.51
48054.703,1066,1172,106,21.23,21.23
48074.649,1065,1172,107,22.44,22.44
48117.538,1065,1172,107,22.81,22.81
48122.546,1065,1172,107,19.5,19.5
48162.453,1065,1172,107,20.19,20.19
48169.433,1065,1172,107,22.34,22.34
48179.406,1065,1172,107,20.99,20.99
48197.322,1065,1172,107,22.17,22.17
48215.273,1065,1172,107,21.39,21.39
48247.187,1064,1172,108,21.66,21.66
48266.138,1064,1172,108,21.94,21.94
48278.104,1064,1172,108,22.69,22.69
48301.084,1063,1172,109,21.78,21.78
48322.988,1063,1172,109,20.46,20.46
48337.95,1063,1172,109,21.54,21.54
48358.889,1063,1172,109,19.79,19.79
48381.83,1063,1172,109,19.84,19.84
48400.777,1064,1172,108,17.12,17.12
48420.724,1064,1172,108,15.46,15.46
48439.672,1064,1172,108,20.1,20.1
48458.621,1064,1172,108,20.99,20.99
48494.533,1064,1172,108,22.5,22.5
48503.503,1064,1172,108,24.89,24.89
48520.458,1064,1172,108,24.0,24.0
48549.381,1064,1172,108,20.55,20.55
48565.337,1065,1172,107,19.75,19.75
48582.291,1065,1172,107,19.56,19.56
48607.229,1066,1172,106,19.35,19.35
48627.245,1067,1172,105,18.38,18.38
48649.122,1067,1172,105,13.45,13.45
48668.064,1067,1172,105,12.33,12.33
48687.014,1067,1172,105,5.02,5.02
48706.959,1067,1172,105,1.07,1.07
48727.902,1066,1172,106,2.49,2.49
48763.805,1065,1172,107,12.24,12.24
48777.768,1065,1172,107,16.17,16.17
48808.685,1066,1172,106,17.81,17.81
48816.699,1066,1172,106,13.83,13.83
48828.633,1067,1172,105,10.39,10.39
48848.579,1066,1172,106,25.31,25.31
48870.52,1065,1172,107,32.91,32.91
48891.465,1066,1172,106,44.51,44.51
48911.41,1068,1172,104,35.45,35.45
48932.355,1068,1172,104,15.95,15.95
48951.311,1067,1172,105,39.85,39.85
48978.235,1066,1172,106,46.25,46.25
48997.197,1066,1172,106,54.25,54.25
49013.14,1066,1172,106,58.01,58.01
49035.08,1066,1172,106,71.11,71.11
49062.008,1065,1172,107,78.6,78.6
49079.959,1064,1172,108,87.76,87.76
49103.898,1065,1172,107,89.74,89.74
49124.895,1065,1172,107,88.97,88.97
49142.795,1066,1172,106,89.18,89.18
49162.739,1066,1172,106,86.24,86.24
49184.684,1066,1172,106,81.47,81.47
49204.632,1066,1172,106,80.33,80.33
49225.569,1065,1172,107,73.38,73.38
49243.521,1064,1172,108,87.89,87.89
49274.447,1063,1172,109,55.13,55.13
49291.394,1062,1172,110,63.95,63.95
49312.347,1063,1172,109,67.1,67.1
49333.285,1062,1172,110,39.27,39.27
49362.205,1060,1172,112,12.38,12.38
49397.111,1058,1172,114,16.89,16.89
49405.126,1057,1172,115,20.24,20.24
49440.997,1056,1172,116,25.62,25.62
49446.977,1056,1172,116,15.23,15.23
49463.932,1054,1172,118,5.55,5.55
49483.88,1051,1172,121,1.9,1.9
49505.82,1050,1172,122,3.96,3.96
49523.777,1050,1172,122,1.34,1.34
49549.71,1051,1172,121,-10.99,-10.99
49564.667,1050,1172,122,-21.77,-21.77
49587.603,1049,1172,123,-29.09,-29.09
49607.549,1048,1172,124,-30.11,-30.11
49629.494,1048,1172,124,-30.42,-30.42
49656.421,1048,1172,124,-21.09,-21.09
49679.36,1047,1172,125,-13.45,-13.45
49693.358,1047,1172,125,-16.66,-16.66
49715.296,1047,1172,125,-18.32,-18.32
49735.207,1047,1172,125,-3.79,-3.79
49758.145,1047,1172,125,-1.64,-1.64
49774.102,1048,1172,124,-15.73,-15.73
49802.033,1049,1172,123,-7.7,-7.7
49838.929,1049,1172,123,-12.67,-12.67
49844.915,1048,1172,124,-11.49,-11.49
49863.864,1049,1172,123,-15.61,-15.61
49886.804,1049,1172,123,-17.19,-17.19
49905.75,1049,1172,123,-19.16,-19.16
49930.688,1048,1172,124,-26.63,-26.63
49949.635,1047,1172,125,-17.38,-17.38
49972.572,1048,1172,124,-25.48,-25.48
49993.515,1048,1172,124,-21.31,-21.31
50012.464,1048,1172,124,-18.77,-18.77
50044.379,1049,1172,123,-22.13,-22.13
50060.341,1049,1172,123,-23.18,-23.18
50086.267,1048,1172,124,-21.35,-21.35
50099.245,1047,1172,125,-26.28,-26.28
50122.172,1048,1172,124,-27.41,-27.41
50141.12,1048,1172,124,-24.84,-24.84
50170.045,1047,1172,125,-23.98,-23.98
50187.001,1047,1172,125,-23.37,-23.37
50205.951,1047,1172,125,-22.67,-22.67
50226.891,1047,1172,125,-21.58,-21.58
50248.832,1046,1172,126,-22.0,-22.0
50271.77,1046,1172,126,-20.58,-20.58
50297.705,1046,1172,126,-22.44,-22.44
50317.655,1046,1172,126,-22.84,-22.84
50336.658,1046,1172,126,-21.42,-21.42
50358.541,1045,1172,127,-20.75,-20.75
50380.479,1045,1172,127,-22.97,-22.97
50395.44,1045,1172,127,-26.43,-26.43
50424.366,1045,1172,127,-21.7,-21.7
50446.306,1045,1172,127,-21.69,-21.69
50465.258,1046,1172,126,-23.36,-23.36
50488.192,1046,1172,126,-22.4,-22.4
50507.141,1045,1172,127,-24.39,-24.39
50527.093,1045,1172,127,-24.43,-24.43
50554.04,1045,1172,127,-24.96,-24.96
50574.966,1045,1172,127,-22.74,-22.74
50592.913,1046,1172,126,-25.63,-25.63
50614.853,1047,1172,125,-24.27,-24.27
50647.77,1046,1172,126,-23.04,-23.04
50683.708,1046,1172,126,-25.95,-25.95
50691.651,1046,1172,126,-26.35,-26.35
50700.624,1046,1172,126,-25.62,-25.62
50723.562,1046,1172,126,-23.15,-23.15
50744.507,1046,1172,126,-25.03,-25.03
50766.447,1045,1172,127,-29.46,-29.46
50790.391,1045,1172,127,-29.35,-29.35
50808.34,1045,1172,127,-26.15,-26.15
50839.257,1045,1172,127,-28.33,-28.33
50852.218,1045,1172,127,-26.66,-26.66
50872.165,1045,1172,127,-24.98,-24.98
50894.105,1044,1172,128,-24.91,-24.91
50919.041,1045,1172,127,-24.2,-24.2
50937.992,1045,1172,127,-22.73,-22.73
50957.94,1045,1172,127,-23.94,-23.94
50979.877,1045,1172,127,-26.07,-26.07
51005.807,1045,1172,127,-24.99,-24.99
51022.763,1046,1172,126,-23.07,-23.07
51040.713,1046,1172,126,-24.08,-24.08
51065.687,1045,1172,127,-25.25,-25.25
51086.591,1046,1172,126,-26.08,-26.08
51108.537,1046,1172,126,-26.21,-26.21
51140.446,1045,1172,127,-26.28,-26.28
51150.42,1046,1172,126,-23.48,-23.48
51171.365,1046,1172,126,-28.39,-28.39
51195.302,1046,1172,126,-23.8,-23.8
51213.253,1045,1172,127,-23.3,-23.3
51239.221,1046,1172,126,-25.62,-25.62
51256.137,1046,1172,126,-22.06,-22.06
51282.068,1047,1172,125,-21.19,-21.19
51323.987,1047,1172,125,-20.48,-20.48
51328.942,1046,1172,126,-21.88,-21.88
51355.87,1046,1172,126,-25.88,-25.88
51366.841,1046,1172,126,-22.69,-22.69
51385.79,1045,1172,127,-22.71,-22.71
51408.734,1044,1172,128,-19.24,-19.24
51432.669,1045,1172,127,-22.17,-22.17
51449.624,1046,1172,126,-24.08,-24.08
51471.563,1045,1172,127,-22.71,-22.71
51493.502,1045,1172,127,-21.47,-21.47
51515.443,1045,1172,127,-23.24,-23.24
51540.38,1046,1172,126,-20.81,-20.81
51560.328,1045,1172,127,-19.82,-19.82
51579.274,1046,1172,126,-23.61,-23.61
51603.209,1046,1172,126,-21.3,-21.3
51623.155,1046,1172,126,-23.33,-23.33
51643.102,1046,1172,126,-18.01,-18.01
51669.034,1046,1172,126,-14.45,-14.45
51685.988,1047,1172,125,-20.04,-20.04
51706.933,1047,1172,125,-23.58,-23.58
51746.825,1046,1172,126,-19.04,-19.04
51772.755,1045,1172,127,-18.18,-18.18
51776.78,1046,1172,126,-15.59,-15.59
51796.692,1046,1172,126,-19.52,-19.52
51818.632,1047,1172,125,-21.35,-21.35
51835.588,1047,1172,125,-18.28,-18.28
51858.525,1047,1172,125,-21.91,-21.91
51878.472,1047,1172,125,-16.3,-16.3
51906.401,1047,1172,125,-17.03,-17.03
51926.389,1046,1172,126,-23.56,-23.56
51960.262,1045,1172,127,-23.56,-23.56
51964.25,1045,1172,127,-27.58,-27.58
52003.14,1045,1172,127,-18.34,-18.34
52008.125,1044,1172,128,-12.62,-12.62
52032.115,1044,1172,128,-5.82,-5.82
52055.003,1045,1172,127,-4.28,-4.28
52072.956,1045,1172,127,0.73,0.73
52094.894,1045,1172,127,2.8,2.8
52111.848,1045,1172,127,9.84,9.84
52133.789,1047,1172,125,18.08,18.08
52153.75,1047,1172,125,28.96,28.96
52181.664,1047,1172,125,43.25,43.25
52200.632,1048,1172,124,47.51,47.51
52222.551,1049,1172,123,55.86,55.86
52243.497,1049,1172,123,61.52,61.52
52262.449,1049,1172,123,62.63,62.63
52282.392,1049,1172,123,64.36,64.36
52308.405,1049,1172,123,58.18,58.18
52331.28,1048,1172,124,2.0,2.0
52350.212,1047,1172,125,-77.77,-77.77
52369.164,1046,1172,126,47.58,47.58
52389.142,1046,1172,126,70.91,70.91
52429.998,1047,1172,125,82.34,82.34
52436.979,1048,1172,124,76.28,76.28
52452.936,1048,1172,124,76.13,76.13
52480.861,1048,1172,124,74.19,74.19
52495.823,1049,1172,123,67.6,67.6
52517.764,1050,1172,122,68.47,68.47
52537.766,1052,1172,120,71.94,71.94
52559.649,1053,1172,119,68.78,68.78
52597.554,1054,1172,118,56.33,56.33
52610.514,1055,1172,117,38.59,38.59
52650.416,1056,1172,116,24.0,24.0
52654.433,1055,1172,117,14.54,14.54
52666.364,1054,1172,118,14.57,14.57
52679.331,1055,1172,117,16.24,16.24
52702.269,1056,1172,116,14.0,14.0
52726.205,1056,1172,116,7.78,7.78
52743.158,1056,1172,116,15.29,15.29
52763.105,1055,1172,117,13.53,13.53
52789.038,1056,1172,116,10.5,10.5
52805.994,1057,1172,115,14.58,14.58
52822.948,1057,1172,115,15.72,15.72
52843.894,1057,1172,115,12.85,12.85
52863.837,1058,1172,114,12.9,12.9
52883.783,1059,1172,113,23.52,23.52
52904.738,1059,1172,113,21.4,21.4
52924.673,1058,1172,114,36.29,36.29
52943.623,1058,1172,114,18.29,18.29
52966.565,1060,1172,112,17.39,17.39
52985.513,1061,1172,111,3.1,3.1
53008.489,1061,1172,111,-6.37,-6.37
53032.385,1057,1172,115,-31.02,-31.02
53053.33,1055,1172,117,-15.81,-15.81
53064.3,1055,1172,117,-6.96,-6.96
53084.246,1055,1172,117,-8.61,-8.61
53109.186,1056,1172,116,-2.44,-2.44
53128.132,1055,1172,117,-1.39,-1.39
53153.065,1053,1172,119,0.0,0.0
53173.01,1053,1172,119,-10.14,-10.14
53185.975,1054,1172,118,5.68,5.68
53207.915,1054,1172,118,-1.18,-1.18
53240.827,1053,1172,119,8.0,8.0
53246.851,1053,1172,119,3.76,3.76
53282.716,1054,1172,118,1.88,1.88
53292.693,1055,1172,117,3.71,3.71
53311.64,1054,1172,118,3.39,3.39
53327.598,1054,1172,118,4.08,4.08
53348.54,1055,1172,117,12.74,12.74
53366.491,1057,1172,115,10.35,10.35
53397.408,1058,1172,114,-8.58,-8.58
53407.381,1057,1172,115,8.05,8.05
53428.325,1055,1172,117,14.32,14.32
53452.338,1057,1172,115,-8.42,-8.42
53471.219,1056,1172,116,26.68,26.68
53490.161,1057,1172,115,-12.68,-12.68
53507.115,1057,1172,115,4.97,4.97
53529.057,1059,1172,113,-6.06,-6.06
53549.012,1060,1172,112,9.23,9.23
53566.956,1055,1172,117,3.58,3.58
53590.89,1059,1172,113,10.42,10.42
53607.881,1061,1172,111,3.29,3.29
53639.774,1060,1172,112,6.9,6.9
53649.734,1061,1172,111,1.7,1.7
53670.682,1061,1172,111,3.58,3.58
53691.623,1060,1172,112,3.43,3.43
53728.523,1060,1172,112,1.07,1.07
53732.546,1061,1172,111,1.3,1.3
53749.468,1061,1172,111,0.43,0.43
53771.409,1061,1172,111,7.58,7.58
53795.348,1061,1172,111,7.16,7.16
53816.338,1061,1172,111,6.73,6.73
53835.24,1062,1172,110,1.5,1.5
53851.195,1061,1172,111,5.71,5.71
53880.116,1060,1172,112,3.21,3.21
53893.082,1059,1172,113,9.8,9.8
53919.014,1060,1172,112,8.26,8.26
53932.978,1061,1172,111,6.74,6.74
53949.93,1061,1172,111,0.64,0.64
53966.885,1060,1172,112,0.21,0.21
53999.866,1060,1172,112,-0.86,-0.86
54014.762,1061,1172,111,2.36,2.36
54034.705,1061,1172,111,3.83,3.83
54052.657,1061,1172,111,1.27,1.27
54073.626,1061,1172,111,2.56,2.56
